id,age,gender,skinColor,accessories,nailPolish,aspectOfHand,imageName,irregularities
0,27,male,fair,1,0,palmar left,Hand_0000038.jpg,0
0,27,male,fair,1,0,palmar left,Hand_0000039.jpg,0
0,27,male,fair,1,0,palmar left,Hand_0000041.jpg,0
0,27,male,fair,1,0,palmar left,Hand_0000042.jpg,0
0,27,male,fair,1,0,palmar left,Hand_0000043.jpg,0
0,27,male,fair,1,0,palmar left,Hand_0000047.jpg,0
0,27,male,fair,1,0,palmar left,Hand_0000048.jpg,0
0,27,male,fair,1,0,palmar left,Hand_0000050.jpg,0
0,27,male,fair,1,0,palmar left,Hand_0000051.jpg,0
0,27,male,fair,1,0,palmar left,Hand_0000053.jpg,0
0,27,male,fair,1,0,palmar left,Hand_0000054.jpg,0
0,27,male,fair,0,0,palmar left,Hand_0000055.jpg,0
0,27,male,fair,0,0,palmar left,Hand_0000056.jpg,0
0,27,male,fair,0,0,palmar left,Hand_0000059.jpg,0
0,27,male,fair,0,0,palmar left,Hand_0000060.jpg,0
0,27,male,fair,0,0,palmar left,Hand_0000061.jpg,0
0,27,male,fair,0,0,palmar left,Hand_0000062.jpg,0
0,27,male,fair,0,0,palmar left,Hand_0000063.jpg,0
0,27,male,fair,0,0,palmar left,Hand_0000064.jpg,0
0,27,male,fair,0,0,palmar left,Hand_0000065.jpg,0
0,27,male,fair,0,0,palmar left,Hand_0000067.jpg,0
0,27,male,fair,0,0,palmar left,Hand_0000068.jpg,0
55,20,female,medium,1,0,palmar left,Hand_0000211.jpg,0
55,20,female,medium,1,0,palmar left,Hand_0000212.jpg,0
55,20,female,medium,1,0,palmar left,Hand_0000213.jpg,0
55,20,female,medium,1,0,palmar left,Hand_0000214.jpg,0
55,20,female,medium,1,0,palmar left,Hand_0000215.jpg,0
55,20,female,medium,0,0,palmar left,Hand_0000225.jpg,0
55,20,female,medium,0,0,palmar left,Hand_0000226.jpg,0
55,20,female,medium,0,0,palmar right,Hand_0000232.jpg,0
55,20,female,medium,0,0,palmar right,Hand_0000233.jpg,0
55,20,female,medium,0,0,palmar right,Hand_0000235.jpg,0
1535,22,female,medium,1,0,palmar right,Hand_0001101.jpg,0
1535,22,female,medium,1,0,palmar right,Hand_0001103.jpg,0
1535,22,female,medium,1,0,palmar right,Hand_0001104.jpg,0
1535,22,female,medium,0,0,palmar right,Hand_0001106.jpg,0
1535,22,female,medium,0,0,palmar right,Hand_0001109.jpg,0
1535,22,female,medium,0,0,palmar left,Hand_0001136.jpg,0
1535,22,female,medium,0,0,palmar left,Hand_0001138.jpg,0
64,21,female,medium,0,0,palmar right,Hand_0001179.jpg,0
64,21,female,medium,0,0,palmar right,Hand_0001180.jpg,0
64,21,female,medium,0,0,palmar left,Hand_0001193.jpg,0
64,21,female,medium,0,0,palmar left,Hand_0001194.jpg,0
64,21,female,medium,0,0,palmar left,Hand_0001195.jpg,0
64,21,female,medium,0,0,palmar left,Hand_0001198.jpg,0
1069,20,female,medium,0,0,palmar right,Hand_0001221.jpg,0
1069,20,female,medium,0,0,palmar left,Hand_0001236.jpg,0
1069,20,female,medium,0,0,palmar left,Hand_0001237.jpg,0
1069,20,female,medium,0,0,palmar left,Hand_0001240.jpg,0
1069,20,female,medium,0,0,palmar left,Hand_0001241.jpg,0
10,21,female,medium,1,0,palmar right,Hand_0001287.jpg,0
10,21,female,medium,1,0,palmar right,Hand_0001293.jpg,0
10,21,female,medium,1,0,palmar right,Hand_0001294.jpg,0
10,21,female,medium,1,0,palmar right,Hand_0001295.jpg,0
10,21,female,medium,1,0,palmar right,Hand_0001296.jpg,0
10,21,female,medium,0,0,palmar left,Hand_0001304.jpg,0
10,21,female,medium,0,0,palmar left,Hand_0001306.jpg,0
10,21,female,medium,0,0,palmar right,Hand_0001317.jpg,0
41,20,female,medium,1,0,palmar right,Hand_0001386.jpg,0
41,20,female,medium,1,0,palmar right,Hand_0001388.jpg,0
41,20,female,medium,1,0,palmar left,Hand_0001401.jpg,0
41,20,female,medium,1,0,palmar left,Hand_0001403.jpg,0
41,20,female,medium,1,0,palmar left,Hand_0001410.jpg,0
41,20,female,medium,1,0,palmar left,Hand_0001411.jpg,0
41,20,female,medium,1,0,palmar left,Hand_0001415.jpg,0
41,20,female,medium,1,0,palmar left,Hand_0001418.jpg,0
41,20,female,medium,1,0,palmar left,Hand_0001419.jpg,0
41,20,female,medium,1,0,palmar left,Hand_0001420.jpg,0
1519,20,male,medium,1,0,palmar right,Hand_0001685.jpg,0
1519,20,male,medium,1,0,palmar right,Hand_0001688.jpg,0
1519,20,male,medium,0,0,palmar right,Hand_0001696.jpg,0
1519,20,male,medium,0,0,palmar left,Hand_0001707.jpg,0
1519,20,male,medium,0,0,palmar left,Hand_0001709.jpg,0
1519,20,male,medium,0,0,palmar left,Hand_0001710.jpg,0
1519,20,male,medium,0,0,palmar left,Hand_0001713.jpg,0
1519,20,male,medium,0,0,palmar left,Hand_0001714.jpg,0
1517,21,female,medium,0,0,palmar right,Hand_0001726.jpg,0
1517,21,female,medium,0,0,palmar right,Hand_0001727.jpg,0
1517,21,female,medium,0,0,palmar right,Hand_0001730.jpg,0
1517,21,female,medium,0,0,palmar right,Hand_0001731.jpg,0
1517,21,female,medium,0,0,palmar right,Hand_0001732.jpg,0
1517,21,female,medium,0,0,palmar right,Hand_0001733.jpg,0
1517,21,female,medium,1,0,palmar left,Hand_0001742.jpg,0
1517,21,female,medium,1,0,palmar left,Hand_0001743.jpg,0
1517,21,female,medium,1,0,palmar left,Hand_0001745.jpg,0
1517,21,female,medium,1,0,palmar left,Hand_0001751.jpg,0
1517,21,female,medium,1,0,palmar left,Hand_0001755.jpg,0
1517,21,female,medium,1,0,palmar left,Hand_0001756.jpg,0
86,21,female,fair,0,0,palmar right,Hand_0002007.jpg,0
86,21,female,fair,0,0,palmar right,Hand_0002008.jpg,0
86,21,female,fair,0,0,palmar right,Hand_0002009.jpg,0
86,21,female,fair,0,0,palmar right,Hand_0002010.jpg,0
86,21,female,fair,0,0,palmar right,Hand_0002012.jpg,0
86,21,female,fair,0,0,palmar right,Hand_0002013.jpg,0
86,21,female,fair,0,0,palmar right,Hand_0002014.jpg,0
86,21,female,fair,0,0,palmar left,Hand_0002027.jpg,0
86,21,female,fair,0,0,palmar left,Hand_0002029.jpg,0
86,21,female,fair,0,0,palmar left,Hand_0002039.jpg,0
86,21,female,fair,0,0,palmar left,Hand_0002040.jpg,0
1545,22,female,medium,1,0,palmar right,Hand_0002231.jpg,0
1545,22,female,medium,1,0,palmar right,Hand_0002232.jpg,0
1545,22,female,medium,1,0,palmar right,Hand_0002233.jpg,0
1545,22,female,medium,1,0,palmar right,Hand_0002234.jpg,0
1545,22,female,medium,1,0,palmar right,Hand_0002235.jpg,0
1545,22,female,medium,1,0,palmar right,Hand_0002236.jpg,0
1545,22,female,medium,1,0,palmar right,Hand_0002237.jpg,0
1545,22,female,medium,1,0,palmar right,Hand_0002238.jpg,0
1545,22,female,medium,1,0,palmar right,Hand_0002239.jpg,0
1545,22,female,medium,1,0,palmar right,Hand_0002241.jpg,0
1545,22,female,medium,1,0,palmar right,Hand_0002243.jpg,0
1545,22,female,medium,1,0,palmar right,Hand_0002244.jpg,0
1545,22,female,medium,1,0,palmar right,Hand_0002245.jpg,0
1545,22,female,medium,1,0,palmar right,Hand_0002246.jpg,0
1545,22,female,medium,1,0,palmar right,Hand_0002247.jpg,0
1545,22,female,medium,1,0,palmar right,Hand_0002248.jpg,0
1545,22,female,medium,1,0,palmar right,Hand_0002249.jpg,0
1545,22,female,medium,1,0,palmar right,Hand_0002250.jpg,0
1545,22,female,medium,0,0,palmar left,Hand_0002279.jpg,0
1545,22,female,medium,0,0,palmar left,Hand_0002280.jpg,0
1545,22,female,medium,0,0,palmar left,Hand_0002281.jpg,0
1545,22,female,medium,0,0,palmar left,Hand_0002282.jpg,0
1545,22,female,medium,0,0,palmar left,Hand_0002283.jpg,0
1545,22,female,medium,0,0,palmar left,Hand_0002284.jpg,0
1545,22,female,medium,0,0,palmar left,Hand_0002285.jpg,0
1545,22,female,medium,0,0,palmar left,Hand_0002286.jpg,0
1545,22,female,medium,0,0,palmar left,Hand_0002288.jpg,0
1545,22,female,medium,0,0,palmar left,Hand_0002290.jpg,0
1545,22,female,medium,0,0,palmar left,Hand_0002291.jpg,0
1545,22,female,medium,0,0,palmar left,Hand_0002292.jpg,0
1545,22,female,medium,0,0,palmar left,Hand_0002293.jpg,0
1545,22,female,medium,0,0,palmar left,Hand_0002296.jpg,0
1545,22,female,medium,0,0,palmar left,Hand_0002298.jpg,0
1571,21,female,fair,1,0,palmar right,Hand_0003527.jpg,0
1571,21,female,fair,1,0,palmar right,Hand_0003528.jpg,0
1571,21,female,fair,1,0,palmar right,Hand_0003529.jpg,0
1571,21,female,fair,1,0,palmar right,Hand_0003530.jpg,0
1571,21,female,fair,1,0,palmar right,Hand_0003531.jpg,0
1571,21,female,fair,1,0,palmar right,Hand_0003532.jpg,0
1571,21,female,fair,1,0,palmar right,Hand_0003533.jpg,0
1571,21,female,fair,1,0,palmar right,Hand_0003534.jpg,0
1571,21,female,fair,1,0,palmar right,Hand_0003536.jpg,0
1571,21,female,fair,1,0,palmar right,Hand_0003537.jpg,0
1571,21,female,fair,1,0,palmar right,Hand_0003541.jpg,0
1571,21,female,fair,1,0,palmar right,Hand_0003543.jpg,0
1571,21,female,fair,1,0,palmar right,Hand_0003544.jpg,0
1571,21,female,fair,1,0,palmar right,Hand_0003545.jpg,0
1571,21,female,fair,1,0,palmar right,Hand_0003546.jpg,0
1571,21,female,fair,1,0,palmar right,Hand_0003547.jpg,0
1571,21,female,fair,1,0,palmar left,Hand_0003576.jpg,0
1571,21,female,fair,1,0,palmar left,Hand_0003578.jpg,0
1571,21,female,fair,1,0,palmar left,Hand_0003581.jpg,0
1571,21,female,fair,1,0,palmar left,Hand_0003582.jpg,0
1571,21,female,fair,1,0,palmar left,Hand_0003584.jpg,0
1571,21,female,fair,1,0,palmar left,Hand_0003585.jpg,0
1571,21,female,fair,1,0,palmar left,Hand_0003586.jpg,0
1571,21,female,fair,1,0,palmar left,Hand_0003588.jpg,0
1571,21,female,fair,1,0,palmar left,Hand_0003589.jpg,0
1571,21,female,fair,1,0,palmar left,Hand_0003590.jpg,0
1571,21,female,fair,1,0,palmar left,Hand_0003591.jpg,0
1039,21,male,fair,0,0,palmar right,Hand_0003957.jpg,0
1039,21,male,fair,0,0,palmar right,Hand_0003958.jpg,0
1039,21,male,fair,0,0,palmar right,Hand_0003959.jpg,0
1039,21,male,fair,0,0,palmar right,Hand_0003960.jpg,0
1039,21,male,fair,0,0,palmar right,Hand_0003961.jpg,0
1039,21,male,fair,0,0,palmar right,Hand_0003962.jpg,0
1039,21,male,fair,0,0,palmar right,Hand_0003970.jpg,0
1039,21,male,fair,0,0,palmar right,Hand_0003971.jpg,0
1039,21,male,fair,0,0,palmar right,Hand_0003972.jpg,0
1039,21,male,fair,0,0,palmar right,Hand_0003973.jpg,0
1039,21,male,fair,0,0,palmar right,Hand_0003974.jpg,0
1039,21,male,fair,0,0,palmar right,Hand_0003975.jpg,0
1039,21,male,fair,0,0,palmar right,Hand_0003977.jpg,0
1039,21,male,fair,0,0,palmar right,Hand_0003978.jpg,0
1039,21,male,fair,0,0,palmar right,Hand_0003980.jpg,0
1039,21,male,fair,0,0,palmar right,Hand_0003982.jpg,0
1039,21,male,fair,0,0,palmar right,Hand_0003983.jpg,0
1039,21,male,fair,0,0,palmar right,Hand_0003985.jpg,0
1039,21,male,fair,0,0,palmar left,Hand_0004009.jpg,0
1039,21,male,fair,0,0,palmar left,Hand_0004012.jpg,0
1039,21,male,fair,0,0,palmar left,Hand_0004013.jpg,0
1039,21,male,fair,0,0,palmar left,Hand_0004015.jpg,0
1039,21,male,fair,0,0,palmar left,Hand_0004016.jpg,0
1039,21,male,fair,0,0,palmar left,Hand_0004017.jpg,0
1039,21,male,fair,0,0,palmar left,Hand_0004018.jpg,0
1039,21,male,fair,0,0,palmar left,Hand_0004019.jpg,0
1039,21,male,fair,0,0,palmar left,Hand_0004021.jpg,0
1039,21,male,fair,0,0,palmar left,Hand_0004022.jpg,0
1039,21,male,fair,0,0,palmar left,Hand_0004023.jpg,0
1039,21,male,fair,0,0,palmar left,Hand_0004025.jpg,0
1039,21,male,fair,0,0,palmar left,Hand_0004027.jpg,0
1039,21,male,fair,0,0,palmar left,Hand_0004029.jpg,0
1039,21,male,fair,0,0,palmar left,Hand_0004030.jpg,0
1039,21,male,fair,0,0,palmar left,Hand_0004031.jpg,0
1039,21,male,fair,0,0,palmar left,Hand_0004032.jpg,0
1013,21,male,fair,0,0,palmar right,Hand_0004058.jpg,0
1013,21,male,fair,0,0,palmar right,Hand_0004059.jpg,0
1013,21,male,fair,0,0,palmar right,Hand_0004060.jpg,0
1013,21,male,fair,0,0,palmar right,Hand_0004062.jpg,0
1013,21,male,fair,0,0,palmar right,Hand_0004063.jpg,0
1013,21,male,fair,0,0,palmar right,Hand_0004064.jpg,0
1013,21,male,fair,0,0,palmar right,Hand_0004065.jpg,0
1013,21,male,fair,0,0,palmar right,Hand_0004066.jpg,0
1013,21,male,fair,0,0,palmar right,Hand_0004067.jpg,0
1013,21,male,fair,0,0,palmar right,Hand_0004070.jpg,0
1013,21,male,fair,0,0,palmar right,Hand_0004071.jpg,0
1013,21,male,fair,0,0,palmar right,Hand_0004072.jpg,0
1013,21,male,fair,0,0,palmar right,Hand_0004073.jpg,0
1013,21,male,fair,0,0,palmar right,Hand_0004074.jpg,0
1013,21,male,fair,0,0,palmar right,Hand_0004075.jpg,0
1013,21,male,fair,0,0,palmar right,Hand_0004076.jpg,0
1013,21,male,fair,0,0,palmar right,Hand_0004078.jpg,0
1013,21,male,fair,0,0,palmar right,Hand_0004079.jpg,0
1013,21,male,fair,0,0,palmar right,Hand_0004080.jpg,0
1013,21,male,fair,0,0,palmar right,Hand_0004081.jpg,0
1013,21,male,fair,0,0,palmar right,Hand_0004082.jpg,0
1013,21,male,fair,0,0,palmar right,Hand_0004084.jpg,0
1013,21,male,fair,0,0,palmar right,Hand_0004085.jpg,0
1013,21,male,fair,0,0,palmar right,Hand_0004086.jpg,0
1013,21,male,fair,0,0,palmar right,Hand_0004087.jpg,0
1013,21,male,fair,0,0,palmar right,Hand_0004088.jpg,0
1013,21,male,fair,0,0,palmar right,Hand_0004090.jpg,0
1013,21,male,fair,0,0,palmar right,Hand_0004091.jpg,0
1013,21,male,fair,0,0,palmar right,Hand_0004092.jpg,0
1013,21,male,fair,0,0,palmar right,Hand_0004093.jpg,0
1013,21,male,fair,0,0,palmar left,Hand_0004094.jpg,0
1013,21,male,fair,0,0,palmar left,Hand_0004095.jpg,0
1013,21,male,fair,0,0,palmar left,Hand_0004096.jpg,0
1013,21,male,fair,0,0,palmar left,Hand_0004097.jpg,0
1013,21,male,fair,0,0,palmar left,Hand_0004098.jpg,0
1013,21,male,fair,0,0,palmar left,Hand_0004100.jpg,0
1013,21,male,fair,0,0,palmar left,Hand_0004101.jpg,0
1013,21,male,fair,0,0,palmar left,Hand_0004102.jpg,0
1013,21,male,fair,0,0,palmar left,Hand_0004103.jpg,0
1013,21,male,fair,0,0,palmar left,Hand_0004104.jpg,0
1013,21,male,fair,0,0,palmar left,Hand_0004105.jpg,0
1013,21,male,fair,0,0,palmar left,Hand_0004106.jpg,0
1013,21,male,fair,0,0,palmar left,Hand_0004110.jpg,0
1034,21,female,medium,1,0,palmar right,Hand_0004243.jpg,0
1034,21,female,medium,1,0,palmar right,Hand_0004244.jpg,0
1034,21,female,medium,1,0,palmar right,Hand_0004246.jpg,0
1034,21,female,medium,1,0,palmar right,Hand_0004247.jpg,0
1034,21,female,medium,1,0,palmar right,Hand_0004249.jpg,0
1034,21,female,medium,1,0,palmar right,Hand_0004250.jpg,0
1034,21,female,medium,1,0,palmar right,Hand_0004251.jpg,0
1034,21,female,medium,1,0,palmar right,Hand_0004252.jpg,0
1034,21,female,medium,1,0,palmar right,Hand_0004253.jpg,0
1034,21,female,medium,1,0,palmar right,Hand_0004254.jpg,0
1034,21,female,medium,1,0,palmar right,Hand_0004256.jpg,0
1034,21,female,medium,1,0,palmar right,Hand_0004257.jpg,0
1034,21,female,medium,1,0,palmar right,Hand_0004258.jpg,0
1034,21,female,medium,1,0,palmar right,Hand_0004260.jpg,0
1034,21,female,medium,1,0,palmar right,Hand_0004262.jpg,0
1034,21,female,medium,1,0,palmar right,Hand_0004263.jpg,0
1034,21,female,medium,1,0,palmar left,Hand_0004289.jpg,0
1034,21,female,medium,1,0,palmar left,Hand_0004290.jpg,0
1034,21,female,medium,1,0,palmar left,Hand_0004291.jpg,0
1034,21,female,medium,1,0,palmar left,Hand_0004292.jpg,0
1034,21,female,medium,1,0,palmar left,Hand_0004293.jpg,0
1034,21,female,medium,1,0,palmar left,Hand_0004294.jpg,0
1034,21,female,medium,1,0,palmar left,Hand_0004295.jpg,0
1034,21,female,medium,1,0,palmar left,Hand_0004298.jpg,0
1034,21,female,medium,1,0,palmar left,Hand_0004299.jpg,0
1034,21,female,medium,1,0,palmar left,Hand_0004300.jpg,0
1034,21,female,medium,1,0,palmar left,Hand_0004302.jpg,0
1034,21,female,medium,1,0,palmar left,Hand_0004303.jpg,0
1034,21,female,medium,1,0,palmar left,Hand_0004305.jpg,0
1034,21,female,medium,1,0,palmar left,Hand_0004306.jpg,0
1034,21,female,medium,1,0,palmar left,Hand_0004307.jpg,0
1034,21,female,medium,1,0,palmar left,Hand_0004309.jpg,0
1034,21,female,medium,1,0,palmar left,Hand_0004310.jpg,0
1034,21,female,medium,1,0,palmar left,Hand_0004311.jpg,0
1066,21,female,medium,0,0,palmar right,Hand_0004458.jpg,0
1066,21,female,medium,0,0,palmar right,Hand_0004459.jpg,0
1066,21,female,medium,0,0,palmar right,Hand_0004460.jpg,0
1066,21,female,medium,0,0,palmar right,Hand_0004461.jpg,0
1066,21,female,medium,0,0,palmar right,Hand_0004463.jpg,0
1066,21,female,medium,0,0,palmar right,Hand_0004464.jpg,0
1066,21,female,medium,0,0,palmar right,Hand_0004465.jpg,0
1066,21,female,medium,0,0,palmar right,Hand_0004466.jpg,0
1066,21,female,medium,0,0,palmar right,Hand_0004467.jpg,0
1066,21,female,medium,0,0,palmar right,Hand_0004468.jpg,0
1066,21,female,medium,0,0,palmar right,Hand_0004469.jpg,0
1066,21,female,medium,0,0,palmar right,Hand_0004470.jpg,0
1066,21,female,medium,0,0,palmar right,Hand_0004471.jpg,0
1066,21,female,medium,0,0,palmar right,Hand_0004472.jpg,0
1066,21,female,medium,0,0,palmar right,Hand_0004473.jpg,0
1066,21,female,medium,0,0,palmar right,Hand_0004474.jpg,0
1066,21,female,medium,0,0,palmar right,Hand_0004475.jpg,0
1066,21,female,medium,0,0,palmar right,Hand_0004476.jpg,0
1066,21,female,medium,0,0,palmar right,Hand_0004477.jpg,0
1066,21,female,medium,0,0,palmar right,Hand_0004478.jpg,0
1066,21,female,medium,0,0,palmar right,Hand_0004479.jpg,0
1066,21,female,medium,0,0,palmar right,Hand_0004480.jpg,0
1066,21,female,medium,0,0,palmar right,Hand_0004481.jpg,0
1066,21,female,medium,0,0,palmar right,Hand_0004482.jpg,0
1066,21,female,medium,0,0,palmar left,Hand_0004509.jpg,0
1066,21,female,medium,0,0,palmar left,Hand_0004510.jpg,0
1066,21,female,medium,0,0,palmar left,Hand_0004513.jpg,0
1066,21,female,medium,0,0,palmar left,Hand_0004514.jpg,0
1066,21,female,medium,0,0,palmar left,Hand_0004515.jpg,0
1066,21,female,medium,0,0,palmar left,Hand_0004517.jpg,0
1066,21,female,medium,0,0,palmar left,Hand_0004518.jpg,0
1066,21,female,medium,0,0,palmar left,Hand_0004520.jpg,0
1066,21,female,medium,0,0,palmar left,Hand_0004521.jpg,0
1066,21,female,medium,0,0,palmar left,Hand_0004522.jpg,0
1066,21,female,medium,0,0,palmar left,Hand_0004526.jpg,0
1066,21,female,medium,0,0,palmar left,Hand_0004527.jpg,0
1066,21,female,medium,0,0,palmar left,Hand_0004530.jpg,0
1033,20,female,medium,0,0,palmar right,Hand_0004571.jpg,0
1033,20,female,medium,0,0,palmar right,Hand_0004572.jpg,0
1033,20,female,medium,0,0,palmar right,Hand_0004573.jpg,0
1033,20,female,medium,0,0,palmar right,Hand_0004574.jpg,0
1033,20,female,medium,0,0,palmar right,Hand_0004575.jpg,0
1033,20,female,medium,0,0,palmar right,Hand_0004576.jpg,0
1033,20,female,medium,0,0,palmar right,Hand_0004577.jpg,0
1033,20,female,medium,0,0,palmar right,Hand_0004578.jpg,0
1033,20,female,medium,0,0,palmar right,Hand_0004579.jpg,0
1033,20,female,medium,0,0,palmar right,Hand_0004580.jpg,0
1033,20,female,medium,0,0,palmar right,Hand_0004581.jpg,0
1033,20,female,medium,0,0,palmar right,Hand_0004582.jpg,0
1033,20,female,medium,0,0,palmar right,Hand_0004583.jpg,0
1033,20,female,medium,0,0,palmar right,Hand_0004584.jpg,0
1033,20,female,medium,0,0,palmar right,Hand_0004585.jpg,0
1033,20,female,medium,0,0,palmar right,Hand_0004586.jpg,0
1033,20,female,medium,0,0,palmar right,Hand_0004587.jpg,0
1033,20,female,medium,0,0,palmar right,Hand_0004588.jpg,0
1033,20,female,medium,0,0,palmar right,Hand_0004589.jpg,0
1033,20,female,medium,0,0,palmar right,Hand_0004591.jpg,0
1033,20,female,medium,0,0,palmar right,Hand_0004592.jpg,0
1033,20,female,medium,0,0,palmar right,Hand_0004593.jpg,0
1033,20,female,medium,0,0,palmar right,Hand_0004594.jpg,0
1033,20,female,medium,0,0,palmar right,Hand_0004596.jpg,0
1033,20,female,medium,0,0,palmar right,Hand_0004597.jpg,0
1033,20,female,medium,0,0,palmar right,Hand_0004598.jpg,0
1033,20,female,medium,0,0,palmar right,Hand_0004599.jpg,0
1033,20,female,medium,0,0,palmar right,Hand_0004600.jpg,0
1033,20,female,medium,0,0,palmar left,Hand_0004631.jpg,0
1033,20,female,medium,0,0,palmar left,Hand_0004632.jpg,0
1033,20,female,medium,0,0,palmar left,Hand_0004634.jpg,0
1033,20,female,medium,0,0,palmar left,Hand_0004635.jpg,0
1033,20,female,medium,0,0,palmar left,Hand_0004636.jpg,0
1033,20,female,medium,0,0,palmar left,Hand_0004637.jpg,0
1033,20,female,medium,0,0,palmar left,Hand_0004639.jpg,0
1033,20,female,medium,0,0,palmar left,Hand_0004640.jpg,0
1033,20,female,medium,0,0,palmar left,Hand_0004643.jpg,0
1033,20,female,medium,0,0,palmar left,Hand_0004644.jpg,0
1033,20,female,medium,0,0,palmar left,Hand_0004645.jpg,0
1033,20,female,medium,0,0,palmar left,Hand_0004646.jpg,0
1033,20,female,medium,0,0,palmar left,Hand_0004647.jpg,0
1033,20,female,medium,0,0,palmar left,Hand_0004648.jpg,0
1033,20,female,medium,0,0,palmar left,Hand_0004650.jpg,0
1033,20,female,medium,0,0,palmar left,Hand_0004651.jpg,0
1033,20,female,medium,0,0,palmar left,Hand_0004652.jpg,0
1033,20,female,medium,0,0,palmar left,Hand_0004654.jpg,0
1033,20,female,medium,0,0,palmar left,Hand_0004655.jpg,0
1033,20,female,medium,0,0,palmar left,Hand_0004657.jpg,0
1033,20,female,medium,0,0,palmar left,Hand_0004658.jpg,0
1033,20,female,medium,0,0,palmar left,Hand_0004659.jpg,0
1033,20,female,medium,0,0,palmar left,Hand_0004660.jpg,0
1033,20,female,medium,0,0,palmar left,Hand_0004661.jpg,0
1033,20,female,medium,0,0,palmar left,Hand_0004662.jpg,0
1033,20,female,medium,0,0,palmar left,Hand_0004663.jpg,0
1033,20,female,medium,0,0,palmar left,Hand_0004664.jpg,0
1033,20,female,medium,0,0,palmar left,Hand_0004665.jpg,0
1033,20,female,medium,0,0,palmar left,Hand_0004666.jpg,0
1033,20,female,medium,0,0,palmar left,Hand_0004667.jpg,0
1033,20,female,medium,0,0,palmar left,Hand_0004668.jpg,0
1033,20,female,medium,0,0,palmar left,Hand_0004669.jpg,0
1033,20,female,medium,0,0,palmar left,Hand_0004670.jpg,0
1558,21,female,medium,0,0,palmar right,Hand_0004982.jpg,0
1558,21,female,medium,0,0,palmar right,Hand_0004983.jpg,0
1558,21,female,medium,0,0,palmar right,Hand_0004984.jpg,0
1558,21,female,medium,0,0,palmar right,Hand_0004985.jpg,0
1558,21,female,medium,0,0,palmar right,Hand_0004987.jpg,0
1558,21,female,medium,0,0,palmar right,Hand_0004990.jpg,0
1558,21,female,medium,0,0,palmar right,Hand_0004991.jpg,0
1558,21,female,medium,0,0,palmar right,Hand_0004992.jpg,0
1558,21,female,medium,0,0,palmar right,Hand_0004993.jpg,0
1558,21,female,medium,0,0,palmar right,Hand_0004994.jpg,0
1558,21,female,medium,0,0,palmar right,Hand_0004995.jpg,0
1558,21,female,medium,0,0,palmar right,Hand_0004996.jpg,0
1558,21,female,medium,0,0,palmar right,Hand_0004997.jpg,0
1558,21,female,medium,0,0,palmar right,Hand_0004998.jpg,0
1558,21,female,medium,0,0,palmar right,Hand_0004999.jpg,0
1558,21,female,medium,0,0,palmar right,Hand_0005000.jpg,0
1558,21,female,medium,0,0,palmar right,Hand_0005001.jpg,0
1558,21,female,medium,0,0,palmar right,Hand_0005002.jpg,0
1558,21,female,medium,0,0,palmar right,Hand_0005003.jpg,0
1558,21,female,medium,0,0,palmar right,Hand_0005004.jpg,0
1558,21,female,medium,0,0,palmar right,Hand_0005005.jpg,0
1558,21,female,medium,0,0,palmar right,Hand_0005006.jpg,0
1558,21,female,medium,0,0,palmar right,Hand_0005007.jpg,0
1558,21,female,medium,0,0,palmar right,Hand_0005009.jpg,0
1558,21,female,medium,0,0,palmar right,Hand_0005010.jpg,0
1558,21,female,medium,0,0,palmar right,Hand_0005011.jpg,0
1558,21,female,medium,0,0,palmar right,Hand_0005012.jpg,0
1558,21,female,medium,0,0,palmar right,Hand_0005014.jpg,0
1558,21,female,medium,0,0,palmar right,Hand_0005015.jpg,0
1558,21,female,medium,0,0,palmar right,Hand_0005016.jpg,0
1558,21,female,medium,0,0,palmar right,Hand_0005017.jpg,0
1558,21,female,medium,0,0,palmar right,Hand_0005019.jpg,0
1558,21,female,medium,0,0,palmar right,Hand_0005020.jpg,0
1558,21,female,medium,0,0,palmar right,Hand_0005021.jpg,0
1558,21,female,medium,0,0,palmar right,Hand_0005022.jpg,0
1558,21,female,medium,0,0,palmar right,Hand_0005023.jpg,0
1558,21,female,medium,0,0,palmar right,Hand_0005024.jpg,0
1558,21,female,medium,0,0,palmar right,Hand_0005025.jpg,0
1558,21,female,medium,0,0,palmar right,Hand_0005026.jpg,0
1558,21,female,medium,0,0,palmar right,Hand_0005027.jpg,0
1558,21,female,medium,0,0,palmar right,Hand_0005029.jpg,0
1558,21,female,medium,0,0,palmar right,Hand_0005030.jpg,0
1558,21,female,medium,0,0,palmar right,Hand_0005031.jpg,0
1558,21,female,medium,0,0,palmar right,Hand_0005032.jpg,0
1558,21,female,medium,0,0,palmar right,Hand_0005034.jpg,0
1558,21,female,medium,0,0,palmar right,Hand_0005035.jpg,0
1558,21,female,medium,1,0,palmar left,Hand_0005083.jpg,0
1558,21,female,medium,1,0,palmar left,Hand_0005085.jpg,0
1558,21,female,medium,1,0,palmar left,Hand_0005086.jpg,0
1558,21,female,medium,1,0,palmar left,Hand_0005087.jpg,0
1558,21,female,medium,1,0,palmar left,Hand_0005088.jpg,0
1558,21,female,medium,1,0,palmar left,Hand_0005089.jpg,0
1558,21,female,medium,1,0,palmar left,Hand_0005090.jpg,0
1558,21,female,medium,1,0,palmar left,Hand_0005091.jpg,0
1558,21,female,medium,1,0,palmar left,Hand_0005092.jpg,0
1558,21,female,medium,1,0,palmar left,Hand_0005093.jpg,0
1558,21,female,medium,1,0,palmar left,Hand_0005094.jpg,0
1558,21,female,medium,1,0,palmar left,Hand_0005095.jpg,0
1558,21,female,medium,1,0,palmar left,Hand_0005096.jpg,0
1558,21,female,medium,1,0,palmar left,Hand_0005098.jpg,0
1558,21,female,medium,1,0,palmar left,Hand_0005099.jpg,0
1558,21,female,medium,1,0,palmar left,Hand_0005100.jpg,0
1059,22,male,dark,0,0,palmar right,Hand_0005187.jpg,0
1059,22,male,dark,0,0,palmar right,Hand_0005188.jpg,0
1059,22,male,dark,0,0,palmar right,Hand_0005189.jpg,0
1059,22,male,dark,0,0,palmar right,Hand_0005190.jpg,0
1059,22,male,dark,0,0,palmar right,Hand_0005191.jpg,0
1059,22,male,dark,0,0,palmar right,Hand_0005192.jpg,0
1059,22,male,dark,0,0,palmar right,Hand_0005194.jpg,0
1059,22,male,dark,0,0,palmar right,Hand_0005195.jpg,0
1059,22,male,dark,0,0,palmar right,Hand_0005196.jpg,0
1059,22,male,dark,0,0,palmar right,Hand_0005197.jpg,0
1059,22,male,dark,0,0,palmar right,Hand_0005199.jpg,0
1059,22,male,dark,0,0,palmar right,Hand_0005201.jpg,0
1059,22,male,dark,0,0,palmar right,Hand_0005204.jpg,0
1059,22,male,dark,0,0,palmar right,Hand_0005205.jpg,0
1059,22,male,dark,0,0,palmar right,Hand_0005206.jpg,0
1059,22,male,dark,0,0,palmar right,Hand_0005207.jpg,0
1059,22,male,dark,0,0,palmar right,Hand_0005209.jpg,0
1059,22,male,dark,0,0,palmar right,Hand_0005210.jpg,0
1059,22,male,dark,0,0,palmar right,Hand_0005211.jpg,0
1059,22,male,dark,0,0,palmar left,Hand_0005229.jpg,0
1059,22,male,dark,0,0,palmar left,Hand_0005230.jpg,0
1059,22,male,dark,0,0,palmar left,Hand_0005231.jpg,0
1059,22,male,dark,0,0,palmar left,Hand_0005233.jpg,0
1059,22,male,dark,0,0,palmar left,Hand_0005234.jpg,0
1059,22,male,dark,0,0,palmar left,Hand_0005235.jpg,0
1059,22,male,dark,0,0,palmar left,Hand_0005237.jpg,0
1059,22,male,dark,0,0,palmar left,Hand_0005238.jpg,0
1059,22,male,dark,0,0,palmar left,Hand_0005239.jpg,0
1059,22,male,dark,0,0,palmar left,Hand_0005240.jpg,0
1059,22,male,dark,0,0,palmar left,Hand_0005241.jpg,0
1059,22,male,dark,0,0,palmar left,Hand_0005242.jpg,0
1059,22,male,dark,0,0,palmar left,Hand_0005243.jpg,0
55,20,female,medium,1,0,palmar right,Hand_0005318.jpg,0
55,20,female,medium,1,0,palmar right,Hand_0005319.jpg,0
55,20,female,medium,1,0,palmar right,Hand_0005320.jpg,0
55,20,female,medium,1,0,palmar right,Hand_0005321.jpg,0
55,20,female,medium,1,0,palmar right,Hand_0005322.jpg,0
55,20,female,medium,1,0,palmar right,Hand_0005323.jpg,0
55,20,female,medium,1,0,palmar right,Hand_0005324.jpg,0
55,20,female,medium,1,0,palmar right,Hand_0005325.jpg,0
55,20,female,medium,1,0,palmar right,Hand_0005326.jpg,0
55,20,female,medium,1,0,palmar right,Hand_0005328.jpg,0
55,20,female,medium,1,0,palmar right,Hand_0005329.jpg,0
55,20,female,medium,1,0,palmar right,Hand_0005330.jpg,0
55,20,female,medium,1,0,palmar right,Hand_0005331.jpg,0
55,20,female,medium,1,0,palmar right,Hand_0005333.jpg,0
55,20,female,medium,0,0,palmar left,Hand_0005348.jpg,0
55,20,female,medium,0,0,palmar left,Hand_0005351.jpg,0
55,20,female,medium,0,0,palmar left,Hand_0005352.jpg,0
55,20,female,medium,0,0,palmar left,Hand_0005353.jpg,0
55,20,female,medium,0,0,palmar left,Hand_0005356.jpg,0
55,20,female,medium,0,0,palmar left,Hand_0005357.jpg,0
55,20,female,medium,0,0,palmar left,Hand_0005358.jpg,0
55,20,female,medium,0,0,palmar left,Hand_0005359.jpg,0
55,20,female,medium,0,0,palmar left,Hand_0005360.jpg,0
55,20,female,medium,0,0,palmar left,Hand_0005361.jpg,0
1042,21,female,medium,1,0,palmar right,Hand_0005374.jpg,0
1042,21,female,medium,1,0,palmar right,Hand_0005375.jpg,0
1042,21,female,medium,1,0,palmar right,Hand_0005378.jpg,0
1042,21,female,medium,1,0,palmar right,Hand_0005379.jpg,0
1042,21,female,medium,1,0,palmar right,Hand_0005380.jpg,0
1042,21,female,medium,1,0,palmar right,Hand_0005381.jpg,0
1042,21,female,medium,1,0,palmar right,Hand_0005382.jpg,0
1042,21,female,medium,1,0,palmar right,Hand_0005383.jpg,0
1042,21,female,medium,1,0,palmar right,Hand_0005384.jpg,0
1042,21,female,medium,1,0,palmar right,Hand_0005385.jpg,0
1042,21,female,medium,1,0,palmar right,Hand_0005386.jpg,0
1042,21,female,medium,1,0,palmar right,Hand_0005387.jpg,0
1042,21,female,medium,1,0,palmar right,Hand_0005388.jpg,0
1042,21,female,medium,1,0,palmar right,Hand_0005389.jpg,0
1042,21,female,medium,1,0,palmar right,Hand_0005391.jpg,0
1042,21,female,medium,0,0,palmar left,Hand_0005412.jpg,0
1042,21,female,medium,0,0,palmar left,Hand_0005413.jpg,0
1042,21,female,medium,0,0,palmar left,Hand_0005414.jpg,0
1042,21,female,medium,0,0,palmar left,Hand_0005416.jpg,0
1042,21,female,medium,0,0,palmar left,Hand_0005418.jpg,0
1042,21,female,medium,0,0,palmar left,Hand_0005419.jpg,0
1042,21,female,medium,0,0,palmar left,Hand_0005420.jpg,0
1042,21,female,medium,0,0,palmar left,Hand_0005422.jpg,0
1042,21,female,medium,0,0,palmar left,Hand_0005424.jpg,0
1042,21,female,medium,0,0,palmar left,Hand_0005426.jpg,0
1079,21,female,fair,0,0,palmar left,Hand_0005798.jpg,0
1079,21,female,fair,0,0,palmar left,Hand_0005799.jpg,0
1079,21,female,fair,0,0,palmar left,Hand_0005800.jpg,0
1079,21,female,fair,0,0,palmar left,Hand_0005801.jpg,0
1079,21,female,fair,0,0,palmar left,Hand_0005802.jpg,0
1079,21,female,fair,0,0,palmar left,Hand_0005803.jpg,0
1079,21,female,fair,0,0,palmar left,Hand_0005806.jpg,0
1079,21,female,fair,0,0,palmar left,Hand_0005808.jpg,0
1079,21,female,fair,0,0,palmar right,Hand_0005809.jpg,0
1079,21,female,fair,0,0,palmar right,Hand_0005810.jpg,0
1079,21,female,fair,0,0,palmar right,Hand_0005811.jpg,0
1079,21,female,fair,0,0,palmar right,Hand_0005813.jpg,0
1079,21,female,fair,0,0,palmar right,Hand_0005814.jpg,0
1079,21,female,fair,0,0,palmar right,Hand_0005815.jpg,0
1079,21,female,fair,0,0,palmar right,Hand_0005817.jpg,0
1079,21,female,fair,0,0,palmar right,Hand_0005819.jpg,0
1079,21,female,fair,0,0,palmar right,Hand_0005823.jpg,0
588,21,female,medium,0,0,palmar right,Hand_0005848.jpg,0
588,21,female,medium,0,0,palmar right,Hand_0005849.jpg,0
588,21,female,medium,0,0,palmar right,Hand_0005850.jpg,0
588,21,female,medium,0,0,palmar right,Hand_0005851.jpg,0
588,21,female,medium,0,0,palmar right,Hand_0005852.jpg,0
588,21,female,medium,0,0,palmar right,Hand_0005853.jpg,0
588,21,female,medium,0,0,palmar left,Hand_0005870.jpg,0
588,21,female,medium,0,0,palmar left,Hand_0005871.jpg,0
588,21,female,medium,0,0,palmar left,Hand_0005872.jpg,0
588,21,female,medium,0,0,palmar left,Hand_0005873.jpg,0
588,21,female,medium,0,0,palmar left,Hand_0005876.jpg,0
588,21,female,medium,0,0,palmar left,Hand_0005878.jpg,0
588,21,female,medium,0,0,palmar left,Hand_0005879.jpg,0
588,21,female,medium,0,0,palmar left,Hand_0005880.jpg,0
588,21,female,medium,0,0,palmar left,Hand_0005881.jpg,0
588,21,female,medium,0,0,palmar left,Hand_0005882.jpg,0
587,22,female,medium,0,0,palmar right,Hand_0005918.jpg,0
587,22,female,medium,0,0,palmar right,Hand_0005922.jpg,0
587,22,female,medium,0,0,palmar right,Hand_0005924.jpg,0
587,22,female,medium,0,0,palmar right,Hand_0005925.jpg,0
587,22,female,medium,0,0,palmar right,Hand_0005927.jpg,0
587,22,female,medium,0,0,palmar right,Hand_0005928.jpg,0
587,22,female,medium,0,0,palmar right,Hand_0005930.jpg,0
587,22,female,medium,0,0,palmar right,Hand_0005931.jpg,0
587,22,female,medium,1,0,palmar left,Hand_0005947.jpg,0
587,22,female,medium,1,0,palmar left,Hand_0005949.jpg,0
587,22,female,medium,1,0,palmar left,Hand_0005950.jpg,0
587,22,female,medium,1,0,palmar left,Hand_0005952.jpg,0
587,22,female,medium,1,0,palmar left,Hand_0005954.jpg,0
587,22,female,medium,1,0,palmar left,Hand_0005955.jpg,0
587,22,female,medium,1,0,palmar left,Hand_0005956.jpg,0
587,22,female,medium,1,0,palmar left,Hand_0005957.jpg,0
587,22,female,medium,1,0,palmar left,Hand_0005958.jpg,0
587,22,female,medium,1,0,palmar left,Hand_0005959.jpg,0
587,22,female,medium,1,0,palmar left,Hand_0005961.jpg,0
1058,22,female,medium,0,0,palmar left,Hand_0006487.jpg,0
1058,22,female,medium,0,0,palmar left,Hand_0006489.jpg,0
1058,22,female,medium,0,0,palmar left,Hand_0006490.jpg,0
1058,22,female,medium,0,0,palmar left,Hand_0006491.jpg,0
1058,22,female,medium,0,0,palmar left,Hand_0006493.jpg,0
1058,22,female,medium,0,0,palmar left,Hand_0006494.jpg,0
1058,22,female,medium,0,0,palmar left,Hand_0006496.jpg,0
1058,22,female,medium,0,0,palmar left,Hand_0006498.jpg,0
1058,22,female,medium,0,0,palmar left,Hand_0006500.jpg,0
1058,22,female,medium,0,0,palmar left,Hand_0006501.jpg,0
1058,22,female,medium,0,0,palmar left,Hand_0006502.jpg,0
1058,22,female,medium,0,0,palmar right,Hand_0006519.jpg,0
1058,22,female,medium,0,0,palmar right,Hand_0006520.jpg,0
1058,22,female,medium,0,0,palmar right,Hand_0006521.jpg,0
1058,22,female,medium,0,0,palmar right,Hand_0006522.jpg,0
1058,22,female,medium,0,0,palmar right,Hand_0006523.jpg,0
1058,22,female,medium,0,0,palmar right,Hand_0006524.jpg,0
1058,22,female,medium,0,0,palmar right,Hand_0006525.jpg,0
1058,22,female,medium,0,0,palmar right,Hand_0006530.jpg,0
1058,22,female,medium,0,0,palmar right,Hand_0006532.jpg,0
1560,21,male,dark,0,0,palmar right,Hand_0006545.jpg,0
1560,21,male,dark,0,0,palmar right,Hand_0006546.jpg,0
1560,21,male,dark,0,0,palmar right,Hand_0006549.jpg,0
1560,21,male,dark,0,0,palmar right,Hand_0006552.jpg,0
1560,21,male,dark,0,0,palmar left,Hand_0006563.jpg,0
1560,21,male,dark,0,0,palmar left,Hand_0006564.jpg,0
1560,21,male,dark,0,0,palmar left,Hand_0006565.jpg,0
1560,21,male,dark,0,0,palmar left,Hand_0006567.jpg,0
1560,21,male,dark,0,0,palmar left,Hand_0006568.jpg,0
1560,21,male,dark,0,0,palmar left,Hand_0006569.jpg,0
1560,21,male,dark,0,0,palmar left,Hand_0006571.jpg,0
1560,21,male,dark,0,0,palmar left,Hand_0006572.jpg,0
1560,21,male,dark,0,0,palmar left,Hand_0006573.jpg,0
1560,21,male,dark,0,0,palmar left,Hand_0006574.jpg,0
1560,21,male,dark,0,0,palmar left,Hand_0006577.jpg,0
1560,21,male,dark,0,0,palmar left,Hand_0006578.jpg,0
1556,22,female,medium,1,0,palmar right,Hand_0006654.jpg,0
1556,22,female,medium,1,0,palmar right,Hand_0006655.jpg,0
1556,22,female,medium,1,0,palmar right,Hand_0006656.jpg,0
1556,22,female,medium,1,0,palmar right,Hand_0006657.jpg,0
1556,22,female,medium,1,0,palmar right,Hand_0006658.jpg,0
1556,22,female,medium,1,0,palmar right,Hand_0006659.jpg,0
1556,22,female,medium,1,0,palmar right,Hand_0006660.jpg,0
1556,22,female,medium,1,0,palmar right,Hand_0006661.jpg,0
1556,22,female,medium,1,0,palmar right,Hand_0006662.jpg,0
1556,22,female,medium,1,0,palmar right,Hand_0006665.jpg,0
1556,22,female,medium,1,0,palmar left,Hand_0006697.jpg,0
1556,22,female,medium,1,0,palmar left,Hand_0006698.jpg,0
1556,22,female,medium,1,0,palmar left,Hand_0006699.jpg,0
1556,22,female,medium,1,0,palmar left,Hand_0006701.jpg,0
1556,22,female,medium,1,0,palmar left,Hand_0006704.jpg,0
1556,22,female,medium,1,0,palmar left,Hand_0006707.jpg,0
1556,22,female,medium,1,0,palmar left,Hand_0006708.jpg,0
1556,22,female,medium,1,0,palmar left,Hand_0006709.jpg,0
1556,22,female,medium,1,0,palmar left,Hand_0006711.jpg,0
1556,22,female,medium,1,0,palmar left,Hand_0006712.jpg,0
1556,22,female,medium,1,0,palmar left,Hand_0006713.jpg,0
1556,22,female,medium,1,0,palmar left,Hand_0006714.jpg,0
1556,22,female,medium,1,0,palmar left,Hand_0006715.jpg,0
1556,22,female,medium,1,0,palmar left,Hand_0006716.jpg,0
1556,22,female,medium,1,0,palmar left,Hand_0006717.jpg,0
1556,22,female,medium,1,0,palmar left,Hand_0006718.jpg,0
1556,22,female,medium,1,0,palmar left,Hand_0006719.jpg,0
509,21,female,medium,1,0,palmar left,Hand_0007051.jpg,0
509,21,female,medium,1,0,palmar left,Hand_0007052.jpg,0
509,21,female,medium,1,0,palmar left,Hand_0007053.jpg,0
509,21,female,medium,1,0,palmar left,Hand_0007054.jpg,0
509,21,female,medium,1,0,palmar left,Hand_0007057.jpg,0
509,21,female,medium,1,0,palmar left,Hand_0007058.jpg,0
509,21,female,medium,1,0,palmar left,Hand_0007059.jpg,0
509,21,female,medium,1,0,palmar left,Hand_0007060.jpg,0
509,21,female,medium,1,0,palmar left,Hand_0007061.jpg,0
509,21,female,medium,1,0,palmar left,Hand_0007062.jpg,0
509,21,female,medium,1,0,palmar left,Hand_0007063.jpg,0
509,21,female,medium,1,0,palmar left,Hand_0007067.jpg,0
509,21,female,medium,1,0,palmar right,Hand_0007084.jpg,0
509,21,female,medium,1,0,palmar right,Hand_0007085.jpg,0
509,21,female,medium,1,0,palmar right,Hand_0007086.jpg,0
509,21,female,medium,1,0,palmar right,Hand_0007087.jpg,0
509,21,female,medium,1,0,palmar right,Hand_0007088.jpg,0
509,21,female,medium,1,0,palmar right,Hand_0007090.jpg,0
509,21,female,medium,1,0,palmar right,Hand_0007091.jpg,0
509,21,female,medium,1,0,palmar right,Hand_0007092.jpg,0
509,21,female,medium,1,0,palmar right,Hand_0007094.jpg,0
509,21,female,medium,1,0,palmar right,Hand_0007095.jpg,0
509,21,female,medium,1,0,palmar right,Hand_0007099.jpg,0
509,21,female,medium,1,0,palmar right,Hand_0007100.jpg,0
509,21,female,medium,1,0,palmar right,Hand_0007101.jpg,0
509,21,female,medium,1,0,palmar right,Hand_0007102.jpg,0
509,21,female,medium,1,0,palmar right,Hand_0007103.jpg,0
1562,23,female,fair,0,0,palmar left,Hand_0007284.jpg,0
1562,23,female,fair,0,0,palmar left,Hand_0007285.jpg,0
1562,23,female,fair,0,0,palmar left,Hand_0007286.jpg,0
1562,23,female,fair,0,0,palmar left,Hand_0007287.jpg,0
1562,23,female,fair,0,0,palmar left,Hand_0007289.jpg,0
1562,23,female,fair,0,0,palmar left,Hand_0007291.jpg,0
1562,23,female,fair,1,0,palmar right,Hand_0007315.jpg,0
1562,23,female,fair,1,0,palmar right,Hand_0007316.jpg,0
1562,23,female,fair,1,0,palmar right,Hand_0007320.jpg,0
1562,23,female,fair,1,0,palmar right,Hand_0007321.jpg,0
1562,23,female,fair,1,0,palmar right,Hand_0007325.jpg,0
1562,23,female,fair,1,0,palmar right,Hand_0007326.jpg,0
1562,23,female,fair,1,0,palmar right,Hand_0007327.jpg,0
1562,23,female,fair,1,0,palmar right,Hand_0007328.jpg,0
1030,21,male,medium,0,0,palmar right,Hand_0007553.jpg,0
1030,21,male,medium,0,0,palmar right,Hand_0007554.jpg,0
1030,21,male,medium,0,0,palmar right,Hand_0007555.jpg,0
1030,21,male,medium,0,0,palmar right,Hand_0007556.jpg,0
1030,21,male,medium,0,0,palmar right,Hand_0007557.jpg,0
1030,21,male,medium,0,0,palmar right,Hand_0007558.jpg,0
1030,21,male,medium,0,0,palmar right,Hand_0007559.jpg,0
1030,21,male,medium,0,0,palmar right,Hand_0007560.jpg,0
1030,21,male,medium,0,0,palmar right,Hand_0007561.jpg,0
1030,21,male,medium,0,0,palmar right,Hand_0007562.jpg,0
1030,21,male,medium,0,0,palmar right,Hand_0007563.jpg,0
1030,21,male,medium,0,0,palmar right,Hand_0007566.jpg,0
1030,21,male,medium,0,0,palmar right,Hand_0007567.jpg,0
1030,21,male,medium,0,0,palmar right,Hand_0007568.jpg,0
1030,21,male,medium,0,0,palmar right,Hand_0007569.jpg,0
1030,21,male,medium,0,0,palmar right,Hand_0007570.jpg,0
1030,21,male,medium,0,0,palmar right,Hand_0007571.jpg,0
1030,21,male,medium,0,0,palmar right,Hand_0007572.jpg,0
1030,21,male,medium,0,0,palmar right,Hand_0007573.jpg,0
1030,21,male,medium,0,0,palmar right,Hand_0007574.jpg,0
1030,21,male,medium,0,0,palmar right,Hand_0007575.jpg,0
1030,21,male,medium,0,0,palmar right,Hand_0007577.jpg,0
1030,21,male,medium,0,0,palmar right,Hand_0007578.jpg,0
1030,21,male,medium,0,0,palmar right,Hand_0007579.jpg,0
1030,21,male,medium,0,0,palmar right,Hand_0007580.jpg,0
1030,21,male,medium,0,0,palmar right,Hand_0007582.jpg,0
1030,21,male,medium,0,0,palmar right,Hand_0007583.jpg,0
1030,21,male,medium,0,0,palmar right,Hand_0007584.jpg,0
1030,21,male,medium,0,0,palmar right,Hand_0007585.jpg,0
1030,21,male,medium,0,0,palmar right,Hand_0007586.jpg,0
1030,21,male,medium,0,0,palmar right,Hand_0007587.jpg,0
1030,21,male,medium,0,0,palmar right,Hand_0007588.jpg,0
1030,21,male,medium,0,0,palmar right,Hand_0007590.jpg,0
1030,21,male,medium,0,0,palmar right,Hand_0007591.jpg,0
1030,21,male,medium,0,0,palmar right,Hand_0007592.jpg,0
1030,21,male,medium,0,0,palmar right,Hand_0007594.jpg,0
1030,21,male,medium,0,0,palmar left,Hand_0007613.jpg,0
1030,21,male,medium,0,0,palmar left,Hand_0007614.jpg,0
1030,21,male,medium,0,0,palmar left,Hand_0007616.jpg,0
1030,21,male,medium,0,0,palmar left,Hand_0007617.jpg,0
1030,21,male,medium,0,0,palmar left,Hand_0007618.jpg,0
1030,21,male,medium,0,0,palmar left,Hand_0007619.jpg,0
1030,21,male,medium,0,0,palmar left,Hand_0007620.jpg,0
1030,21,male,medium,0,0,palmar left,Hand_0007621.jpg,0
1030,21,male,medium,0,0,palmar left,Hand_0007623.jpg,0
1030,21,male,medium,0,0,palmar left,Hand_0007625.jpg,0
1030,21,male,medium,0,0,palmar left,Hand_0007626.jpg,0
1030,21,male,medium,0,0,palmar left,Hand_0007627.jpg,0
1030,21,male,medium,0,0,palmar left,Hand_0007629.jpg,0
1513,21,male,fair,0,0,palmar right,Hand_0007654.jpg,0
1513,21,male,fair,0,0,palmar right,Hand_0007655.jpg,0
1513,21,male,fair,0,0,palmar right,Hand_0007656.jpg,0
1513,21,male,fair,0,0,palmar right,Hand_0007657.jpg,0
1513,21,male,fair,0,0,palmar right,Hand_0007658.jpg,0
1513,21,male,fair,0,0,palmar right,Hand_0007659.jpg,0
1513,21,male,fair,0,0,palmar right,Hand_0007662.jpg,0
1513,21,male,fair,0,0,palmar right,Hand_0007663.jpg,0
1513,21,male,fair,0,0,palmar right,Hand_0007667.jpg,0
1513,21,male,fair,0,0,palmar right,Hand_0007669.jpg,0
1513,21,male,fair,0,0,palmar right,Hand_0007670.jpg,0
1513,21,male,fair,0,0,palmar left,Hand_0007710.jpg,0
1513,21,male,fair,0,0,palmar left,Hand_0007711.jpg,0
1513,21,male,fair,0,0,palmar left,Hand_0007713.jpg,0
1513,21,male,fair,0,0,palmar left,Hand_0007715.jpg,0
1513,21,male,fair,0,0,palmar left,Hand_0007718.jpg,0
1513,21,male,fair,0,0,palmar left,Hand_0007719.jpg,0
1513,21,male,fair,0,0,palmar left,Hand_0007720.jpg,0
1513,21,male,fair,0,0,palmar left,Hand_0007721.jpg,0
1513,21,male,fair,0,0,palmar left,Hand_0007722.jpg,0
1052,21,female,medium,1,0,palmar right,Hand_0007819.jpg,0
1052,21,female,medium,1,0,palmar right,Hand_0007821.jpg,0
1052,21,female,medium,1,0,palmar right,Hand_0007824.jpg,0
1052,21,female,medium,1,0,palmar right,Hand_0007825.jpg,0
1052,21,female,medium,0,0,palmar left,Hand_0007844.jpg,0
1052,21,female,medium,0,0,palmar left,Hand_0007845.jpg,0
1052,21,female,medium,0,0,palmar left,Hand_0007846.jpg,0
1052,21,female,medium,0,0,palmar left,Hand_0007848.jpg,0
1052,21,female,medium,0,0,palmar left,Hand_0007850.jpg,0
1052,21,female,medium,0,0,palmar left,Hand_0007851.jpg,0
1052,21,female,medium,0,0,palmar left,Hand_0007852.jpg,0
1052,21,female,medium,0,0,palmar left,Hand_0007855.jpg,0
1052,21,female,medium,0,0,palmar left,Hand_0007858.jpg,0
1052,21,female,medium,0,0,palmar left,Hand_0007859.jpg,0
573,21,female,fair,0,0,palmar right,Hand_0008019.jpg,0
573,21,female,fair,0,0,palmar right,Hand_0008021.jpg,0
573,21,female,fair,0,0,palmar right,Hand_0008023.jpg,0
573,21,female,fair,0,0,palmar right,Hand_0008024.jpg,0
573,21,female,fair,0,0,palmar right,Hand_0008026.jpg,0
573,21,female,fair,0,0,palmar right,Hand_0008027.jpg,0
573,21,female,fair,0,0,palmar right,Hand_0008028.jpg,0
573,21,female,fair,0,0,palmar right,Hand_0008029.jpg,0
573,21,female,fair,0,0,palmar right,Hand_0008030.jpg,0
573,21,female,fair,0,0,palmar left,Hand_0008045.jpg,0
573,21,female,fair,0,0,palmar left,Hand_0008046.jpg,0
573,21,female,fair,0,0,palmar left,Hand_0008047.jpg,0
573,21,female,fair,0,0,palmar left,Hand_0008049.jpg,0
573,21,female,fair,0,0,palmar left,Hand_0008051.jpg,0
573,21,female,fair,0,0,palmar left,Hand_0008052.jpg,0
573,21,female,fair,0,0,palmar left,Hand_0008053.jpg,0
1046,21,female,medium,0,0,palmar left,Hand_0008373.jpg,0
1046,21,female,medium,0,0,palmar left,Hand_0008374.jpg,0
1046,21,female,medium,0,0,palmar left,Hand_0008375.jpg,0
1046,21,female,medium,0,0,palmar left,Hand_0008376.jpg,0
1046,21,female,medium,0,0,palmar left,Hand_0008377.jpg,0
1046,21,female,medium,0,0,palmar left,Hand_0008378.jpg,0
1046,21,female,medium,0,0,palmar left,Hand_0008379.jpg,0
1046,21,female,medium,0,0,palmar left,Hand_0008381.jpg,0
1046,21,female,medium,0,0,palmar left,Hand_0008382.jpg,0
1046,21,female,medium,0,0,palmar left,Hand_0008384.jpg,0
1046,21,female,medium,0,0,palmar left,Hand_0008388.jpg,0
1046,21,female,medium,0,0,palmar right,Hand_0008400.jpg,0
1046,21,female,medium,0,0,palmar right,Hand_0008401.jpg,0
1046,21,female,medium,0,0,palmar right,Hand_0008402.jpg,0
1046,21,female,medium,0,0,palmar right,Hand_0008404.jpg,0
1046,21,female,medium,0,0,palmar right,Hand_0008405.jpg,0
1046,21,female,medium,0,0,palmar right,Hand_0008406.jpg,0
1046,21,female,medium,0,0,palmar right,Hand_0008408.jpg,0
1046,21,female,medium,0,0,palmar right,Hand_0008410.jpg,0
1082,21,female,medium,0,0,palmar right,Hand_0008464.jpg,0
1082,21,female,medium,0,0,palmar right,Hand_0008467.jpg,0
1082,21,female,medium,0,0,palmar right,Hand_0008468.jpg,0
1082,21,female,medium,0,0,palmar right,Hand_0008469.jpg,0
1082,21,female,medium,0,0,palmar right,Hand_0008470.jpg,0
1082,21,female,medium,0,0,palmar right,Hand_0008472.jpg,0
1082,21,female,medium,0,0,palmar right,Hand_0008473.jpg,0
1082,21,female,medium,0,0,palmar right,Hand_0008475.jpg,0
1082,21,female,medium,0,0,palmar right,Hand_0008477.jpg,0
1082,21,female,medium,0,0,palmar right,Hand_0008478.jpg,0
1082,21,female,medium,0,0,palmar left,Hand_0008492.jpg,0
1082,21,female,medium,0,0,palmar left,Hand_0008493.jpg,0
1082,21,female,medium,0,0,palmar left,Hand_0008494.jpg,0
1082,21,female,medium,0,0,palmar left,Hand_0008495.jpg,0
1082,21,female,medium,0,0,palmar left,Hand_0008499.jpg,0
1082,21,female,medium,0,0,palmar left,Hand_0008500.jpg,0
1082,21,female,medium,0,0,palmar left,Hand_0008501.jpg,0
1082,21,female,medium,0,0,palmar left,Hand_0008502.jpg,0
1082,21,female,medium,0,0,palmar left,Hand_0008503.jpg,0
1082,21,female,medium,0,0,palmar left,Hand_0008505.jpg,0
1082,21,female,medium,0,0,palmar left,Hand_0008506.jpg,0
1082,21,female,medium,0,0,palmar left,Hand_0008507.jpg,0
538,21,female,medium,1,0,palmar right,Hand_0009107.jpg,0
538,21,female,medium,1,0,palmar right,Hand_0009108.jpg,0
538,21,female,medium,1,0,palmar right,Hand_0009109.jpg,0
538,21,female,medium,1,0,palmar right,Hand_0009110.jpg,0
538,21,female,medium,1,0,palmar right,Hand_0009111.jpg,0
538,21,female,medium,1,0,palmar right,Hand_0009113.jpg,0
538,21,female,medium,1,0,palmar right,Hand_0009115.jpg,0
538,21,female,medium,1,0,palmar right,Hand_0009116.jpg,0
538,21,female,medium,1,0,palmar left,Hand_0009125.jpg,0
538,21,female,medium,1,0,palmar left,Hand_0009127.jpg,0
538,21,female,medium,1,0,palmar left,Hand_0009129.jpg,0
538,21,female,medium,1,0,palmar left,Hand_0009130.jpg,0
538,21,female,medium,1,0,palmar left,Hand_0009131.jpg,0
2000000,75,female,dark,0,0,palmar left,Hand_0009428.jpg,0
2000000,75,female,dark,0,0,palmar left,Hand_0009429.jpg,0
2000000,75,female,dark,0,0,palmar left,Hand_0009430.jpg,0
2000000,75,female,dark,0,0,palmar left,Hand_0009431.jpg,0
2000000,75,female,dark,0,0,palmar left,Hand_0009432.jpg,0
2000000,75,female,dark,0,0,palmar left,Hand_0009433.jpg,0
2000000,75,female,dark,0,0,palmar left,Hand_0009434.jpg,0
2000000,75,female,dark,0,0,palmar left,Hand_0009435.jpg,0
2000000,75,female,dark,0,0,palmar left,Hand_0009437.jpg,0
2000000,75,female,dark,0,0,palmar left,Hand_0009440.jpg,0
2000000,75,female,dark,0,0,palmar left,Hand_0009441.jpg,0
2000000,75,female,dark,0,0,palmar right,Hand_0009474.jpg,0
2000000,75,female,dark,0,0,palmar right,Hand_0009475.jpg,0
2000000,75,female,dark,0,0,palmar right,Hand_0009476.jpg,0
2000000,75,female,dark,0,0,palmar right,Hand_0009477.jpg,0
2000000,75,female,dark,0,0,palmar right,Hand_0009478.jpg,0
2000000,75,female,dark,0,0,palmar right,Hand_0009481.jpg,0
2000000,75,female,dark,0,0,palmar right,Hand_0009483.jpg,0
2000000,75,female,dark,0,0,palmar right,Hand_0009486.jpg,0
2000000,75,female,dark,0,0,palmar right,Hand_0009487.jpg,0
2000000,75,female,dark,0,0,palmar right,Hand_0009488.jpg,0
2000000,75,female,dark,0,0,palmar right,Hand_0009489.jpg,0
2000000,75,female,dark,0,0,palmar right,Hand_0009491.jpg,0
2000000,75,female,dark,0,0,palmar right,Hand_0009492.jpg,0
3000000,19,female,very fair,0,0,palmar right,Hand_0009509.jpg,0
3000000,19,female,very fair,1,0,palmar left,Hand_0009534.jpg,0
3000000,19,female,very fair,1,0,palmar left,Hand_0009535.jpg,0
3000000,19,female,very fair,1,0,palmar left,Hand_0009536.jpg,0
3000000,19,female,very fair,1,0,palmar left,Hand_0009538.jpg,0
3000000,19,female,very fair,1,0,palmar left,Hand_0009542.jpg,0
3000000,19,female,very fair,1,0,palmar left,Hand_0009543.jpg,0
3000000,19,female,very fair,1,0,palmar left,Hand_0009546.jpg,0
5000000,18,female,dark,0,0,palmar right,Hand_0009598.jpg,0
5000000,18,female,dark,0,0,palmar right,Hand_0009599.jpg,0
5000000,18,female,dark,0,0,palmar right,Hand_0009600.jpg,0
5000000,18,female,dark,0,0,palmar right,Hand_0009602.jpg,0
5000000,18,female,dark,0,0,palmar right,Hand_0009603.jpg,0
5000000,18,female,dark,0,0,palmar right,Hand_0009607.jpg,0
5000000,18,female,dark,0,0,palmar left,Hand_0009618.jpg,0
5000000,18,female,dark,0,0,palmar left,Hand_0009620.jpg,0
5000000,18,female,dark,0,0,palmar left,Hand_0009621.jpg,0
5000000,18,female,dark,0,0,palmar left,Hand_0009622.jpg,0
5000000,18,female,dark,0,0,palmar left,Hand_0009623.jpg,0
5000000,18,female,dark,0,0,palmar left,Hand_0009624.jpg,0
5000000,18,female,dark,0,0,palmar left,Hand_0009625.jpg,0
5000000,18,female,dark,0,0,palmar left,Hand_0009626.jpg,0
5000000,18,female,dark,0,0,palmar left,Hand_0009627.jpg,0
5000000,18,female,dark,0,0,palmar left,Hand_0009628.jpg,0
5000000,18,female,dark,0,0,palmar left,Hand_0009630.jpg,0
7000000,24,male,fair,0,0,palmar left,Hand_0009668.jpg,0
7000000,24,male,fair,0,0,palmar left,Hand_0009669.jpg,0
7000000,24,male,fair,0,0,palmar left,Hand_0009670.jpg,0
7000000,24,male,fair,0,0,palmar left,Hand_0009673.jpg,0
7000000,24,male,fair,0,0,palmar left,Hand_0009674.jpg,0
7000000,24,male,fair,0,0,palmar left,Hand_0009675.jpg,0
7000000,24,male,fair,0,0,palmar left,Hand_0009677.jpg,0
7000000,24,male,fair,1,0,palmar right,Hand_0009699.jpg,0
7000000,24,male,fair,1,0,palmar right,Hand_0009700.jpg,0
7000000,24,male,fair,1,0,palmar right,Hand_0009703.jpg,0
7000000,24,male,fair,1,0,palmar right,Hand_0009707.jpg,0
7000000,24,male,fair,1,0,palmar right,Hand_0009709.jpg,0
7000000,24,male,fair,1,0,palmar right,Hand_0009710.jpg,0
7000000,24,male,fair,1,0,palmar right,Hand_0009711.jpg,0
8000000,21,male,medium,0,0,palmar right,Hand_0009721.jpg,0
8000000,21,male,medium,0,0,palmar right,Hand_0009724.jpg,0
8000000,21,male,medium,0,0,palmar right,Hand_0009727.jpg,0
8000000,21,male,medium,0,0,palmar right,Hand_0009728.jpg,0
8000000,21,male,medium,0,0,palmar right,Hand_0009729.jpg,0
8000000,21,male,medium,0,0,palmar right,Hand_0009730.jpg,0
8000000,21,male,medium,0,0,palmar right,Hand_0009732.jpg,0
8000000,21,male,medium,0,0,palmar right,Hand_0009733.jpg,0
8000000,21,male,medium,0,0,palmar right,Hand_0009734.jpg,0
8000000,21,male,medium,0,0,palmar right,Hand_0009735.jpg,0
8000000,21,male,medium,0,0,palmar right,Hand_0009736.jpg,0
8000000,21,male,medium,0,0,palmar left,Hand_0009752.jpg,0
8000000,21,male,medium,0,0,palmar left,Hand_0009753.jpg,0
8000000,21,male,medium,0,0,palmar left,Hand_0009756.jpg,0
8000000,21,male,medium,0,0,palmar left,Hand_0009757.jpg,0
8000000,21,male,medium,0,0,palmar left,Hand_0009759.jpg,0
8000000,21,male,medium,0,0,palmar left,Hand_0009760.jpg,0
8000000,21,male,medium,0,0,palmar left,Hand_0009762.jpg,0
8000000,21,male,medium,0,0,palmar left,Hand_0009763.jpg,0
8000000,21,male,medium,0,0,palmar left,Hand_0009764.jpg,0
1100000,25,male,medium,0,0,palmar right,Hand_0009832.jpg,0
1100000,25,male,medium,0,0,palmar right,Hand_0009833.jpg,0
1100000,25,male,medium,0,0,palmar right,Hand_0009835.jpg,0
1100000,25,male,medium,0,0,palmar right,Hand_0009836.jpg,0
1100000,25,male,medium,0,0,palmar left,Hand_0009844.jpg,0
1100000,25,male,medium,0,0,palmar left,Hand_0009849.jpg,0
1100000,25,male,medium,0,0,palmar left,Hand_0009852.jpg,0
1594,23,male,medium,0,0,palmar right,Hand_0010404.jpg,0
1594,23,male,medium,0,0,palmar right,Hand_0010411.jpg,0
1594,23,male,medium,0,0,palmar left,Hand_0010424.jpg,0
1594,23,male,medium,0,0,palmar left,Hand_0010425.jpg,0
1594,23,male,medium,0,0,palmar left,Hand_0010426.jpg,0
1594,23,male,medium,0,0,palmar left,Hand_0010427.jpg,0
1594,23,male,medium,0,0,palmar left,Hand_0010428.jpg,0
1594,23,male,medium,0,0,palmar left,Hand_0010430.jpg,0
1594,23,male,medium,0,0,palmar left,Hand_0010431.jpg,0
1594,23,male,medium,0,0,palmar left,Hand_0010434.jpg,0
518,23,male,medium,0,0,palmar right,Hand_0010445.jpg,0
518,23,male,medium,0,0,palmar right,Hand_0010446.jpg,0
518,23,male,medium,0,0,palmar right,Hand_0010448.jpg,0
518,23,male,medium,0,0,palmar right,Hand_0010449.jpg,0
518,23,male,medium,0,0,palmar right,Hand_0010451.jpg,0
518,23,male,medium,0,0,palmar right,Hand_0010453.jpg,0
518,23,male,medium,0,0,palmar right,Hand_0010456.jpg,0
518,23,male,medium,0,0,palmar right,Hand_0010458.jpg,0
518,23,male,medium,0,0,palmar left,Hand_0010467.jpg,0
518,23,male,medium,0,0,palmar left,Hand_0010468.jpg,0
518,23,male,medium,0,0,palmar left,Hand_0010469.jpg,0
518,23,male,medium,0,0,palmar left,Hand_0010470.jpg,0
518,23,male,medium,0,0,palmar left,Hand_0010471.jpg,0
518,23,male,medium,0,0,palmar left,Hand_0010474.jpg,0
518,23,male,medium,0,0,palmar left,Hand_0010475.jpg,0
518,23,male,medium,0,0,palmar left,Hand_0010476.jpg,0
518,23,male,medium,0,0,palmar left,Hand_0010477.jpg,0
518,23,male,medium,0,0,palmar left,Hand_0010478.jpg,0
518,23,male,medium,0,0,palmar left,Hand_0010479.jpg,0
518,23,male,medium,0,0,palmar left,Hand_0010480.jpg,0
518,23,male,medium,0,0,palmar left,Hand_0010483.jpg,0
518,23,male,medium,0,0,palmar left,Hand_0010484.jpg,0
506,22,male,medium,0,0,palmar right,Hand_0010538.jpg,0
506,22,male,medium,0,0,palmar right,Hand_0010541.jpg,0
506,22,male,medium,0,0,palmar right,Hand_0010542.jpg,0
506,22,male,medium,0,0,palmar right,Hand_0010546.jpg,0
506,22,male,medium,0,0,palmar right,Hand_0010547.jpg,0
506,22,male,medium,0,0,palmar left,Hand_0010558.jpg,0
506,22,male,medium,0,0,palmar left,Hand_0010559.jpg,0
506,22,male,medium,0,0,palmar left,Hand_0010561.jpg,0
506,22,male,medium,0,0,palmar left,Hand_0010562.jpg,0
506,22,male,medium,0,0,palmar left,Hand_0010565.jpg,0
88,22,male,medium,0,0,palmar right,Hand_0010575.jpg,0
88,22,male,medium,0,0,palmar right,Hand_0010576.jpg,0
88,22,male,medium,0,0,palmar right,Hand_0010577.jpg,0
88,22,male,medium,0,0,palmar right,Hand_0010578.jpg,0
88,22,male,medium,0,0,palmar right,Hand_0010579.jpg,0
88,22,male,medium,0,0,palmar right,Hand_0010580.jpg,0
88,22,male,medium,0,0,palmar right,Hand_0010581.jpg,0
88,22,male,medium,0,0,palmar right,Hand_0010582.jpg,0
88,22,male,medium,0,0,palmar left,Hand_0010593.jpg,0
88,22,male,medium,0,0,palmar left,Hand_0010594.jpg,0
88,22,male,medium,0,0,palmar left,Hand_0010595.jpg,0
88,22,male,medium,0,0,palmar left,Hand_0010596.jpg,0
88,22,male,medium,0,0,palmar left,Hand_0010597.jpg,0
88,22,male,medium,0,0,palmar left,Hand_0010605.jpg,0
88,22,male,medium,0,0,palmar left,Hand_0010608.jpg,0
88,22,male,medium,0,0,palmar left,Hand_0010609.jpg,0
88,22,male,medium,0,0,palmar left,Hand_0010610.jpg,0
88,22,male,medium,0,0,palmar left,Hand_0010611.jpg,0
88,22,male,medium,0,0,palmar left,Hand_0010612.jpg,0
88,22,male,medium,0,0,palmar left,Hand_0010613.jpg,0
88,22,male,medium,0,0,palmar left,Hand_0010616.jpg,0
88,22,male,medium,0,0,palmar left,Hand_0010617.jpg,0
88,22,male,medium,0,0,palmar left,Hand_0010618.jpg,0
88,22,male,medium,0,0,palmar left,Hand_0010619.jpg,0
88,22,male,medium,0,0,palmar left,Hand_0010620.jpg,0
88,22,male,medium,0,0,palmar left,Hand_0010624.jpg,0
88,22,male,medium,0,0,palmar left,Hand_0010625.jpg,0
88,22,male,medium,0,0,palmar left,Hand_0010626.jpg,0
88,22,male,medium,0,0,palmar left,Hand_0010627.jpg,0
88,22,male,medium,0,0,palmar left,Hand_0010628.jpg,0
88,22,male,medium,0,0,palmar left,Hand_0010630.jpg,0
88,22,male,medium,0,0,palmar left,Hand_0010631.jpg,0
1085,28,male,medium,1,0,palmar left,Hand_0010651.jpg,0
1085,28,male,medium,1,0,palmar left,Hand_0010652.jpg,0
1085,28,male,medium,1,0,palmar left,Hand_0010653.jpg,0
1085,28,male,medium,1,0,palmar left,Hand_0010654.jpg,0
1085,28,male,medium,1,0,palmar left,Hand_0010656.jpg,0
1085,28,male,medium,1,0,palmar left,Hand_0010657.jpg,0
1085,28,male,medium,1,0,palmar left,Hand_0010658.jpg,0
1085,28,male,medium,1,0,palmar left,Hand_0010659.jpg,0
1085,28,male,medium,0,0,palmar right,Hand_0010684.jpg,0
1085,28,male,medium,0,0,palmar right,Hand_0010687.jpg,0
1085,28,male,medium,0,0,palmar right,Hand_0010688.jpg,0
1085,28,male,medium,0,0,palmar right,Hand_0010690.jpg,0
1085,28,male,medium,0,0,palmar right,Hand_0010692.jpg,0
1085,28,male,medium,0,0,palmar right,Hand_0010694.jpg,0
1085,28,male,medium,0,0,palmar right,Hand_0010696.jpg,0
1085,28,male,medium,0,0,palmar right,Hand_0010698.jpg,0
1090,22,male,fair,1,0,palmar right,Hand_0010722.jpg,0
1090,22,male,fair,1,0,palmar right,Hand_0010724.jpg,0
1090,22,male,fair,1,0,palmar right,Hand_0010725.jpg,0
1090,22,male,fair,1,0,palmar right,Hand_0010726.jpg,0
1090,22,male,fair,1,0,palmar right,Hand_0010727.jpg,0
1090,22,male,fair,1,0,palmar right,Hand_0010728.jpg,0
1090,22,male,fair,1,0,palmar right,Hand_0010729.jpg,0
1090,22,male,fair,1,0,palmar right,Hand_0010730.jpg,0
1090,22,male,fair,1,0,palmar right,Hand_0010731.jpg,0
1090,22,male,fair,1,0,palmar right,Hand_0010733.jpg,0
1090,22,male,fair,1,0,palmar right,Hand_0010734.jpg,0
1090,22,male,fair,1,0,palmar right,Hand_0010735.jpg,0
1090,22,male,fair,1,0,palmar right,Hand_0010737.jpg,0
1090,22,male,fair,1,0,palmar right,Hand_0010738.jpg,0
1090,22,male,fair,1,0,palmar right,Hand_0010739.jpg,0
1090,22,male,fair,1,0,palmar left,Hand_0010762.jpg,0
1090,22,male,fair,1,0,palmar left,Hand_0010764.jpg,0
1090,22,male,fair,1,0,palmar left,Hand_0010765.jpg,0
1090,22,male,fair,1,0,palmar left,Hand_0010767.jpg,0
1090,22,male,fair,1,0,palmar left,Hand_0010769.jpg,0
1090,22,male,fair,1,0,palmar left,Hand_0010770.jpg,0
1090,22,male,fair,1,0,palmar left,Hand_0010771.jpg,0
1090,22,male,fair,1,0,palmar left,Hand_0010772.jpg,0
1090,22,male,fair,1,0,palmar left,Hand_0010773.jpg,0
1090,22,male,fair,1,0,palmar left,Hand_0010774.jpg,0
1090,22,male,fair,0,0,palmar right,Hand_0010792.jpg,0
1090,22,male,fair,0,0,palmar right,Hand_0010794.jpg,0
1090,22,male,fair,0,0,palmar right,Hand_0010796.jpg,0
1090,22,male,fair,0,0,palmar right,Hand_0010797.jpg,0
1090,22,male,fair,0,0,palmar right,Hand_0010798.jpg,0
1090,22,male,fair,0,0,palmar left,Hand_0010809.jpg,0
1090,22,male,fair,0,0,palmar left,Hand_0010810.jpg,0
1090,22,male,fair,0,0,palmar left,Hand_0010811.jpg,0
1090,22,male,fair,0,0,palmar left,Hand_0010812.jpg,0
1090,22,male,fair,0,0,palmar left,Hand_0010813.jpg,0
1090,22,male,fair,0,0,palmar left,Hand_0010814.jpg,0
1090,22,male,fair,0,0,palmar left,Hand_0010815.jpg,0
1090,22,male,fair,0,0,palmar left,Hand_0010816.jpg,0
1090,22,male,fair,0,0,palmar left,Hand_0010817.jpg,0
1088,22,male,medium,0,0,palmar right,Hand_0011187.jpg,0
1088,22,male,medium,0,0,palmar right,Hand_0011188.jpg,0
1088,22,male,medium,0,0,palmar right,Hand_0011189.jpg,0
1088,22,male,medium,0,0,palmar right,Hand_0011190.jpg,0
1088,22,male,medium,0,0,palmar right,Hand_0011191.jpg,0
1088,22,male,medium,0,0,palmar right,Hand_0011192.jpg,0
1088,22,male,medium,0,0,palmar right,Hand_0011194.jpg,0
1088,22,male,medium,0,0,palmar right,Hand_0011196.jpg,0
1088,22,male,medium,0,0,palmar left,Hand_0011217.jpg,0
1088,22,male,medium,0,0,palmar left,Hand_0011221.jpg,0
1088,22,male,medium,0,0,palmar left,Hand_0011223.jpg,0
1088,22,male,medium,0,0,palmar left,Hand_0011224.jpg,0
1536,22,male,medium,0,0,palmar right,Hand_0011237.jpg,0
1536,22,male,medium,0,0,palmar right,Hand_0011240.jpg,0
1536,22,male,medium,0,0,palmar right,Hand_0011241.jpg,0
1536,22,male,medium,0,0,palmar right,Hand_0011243.jpg,0
1536,22,male,medium,0,0,palmar right,Hand_0011245.jpg,0
1536,22,male,medium,0,0,palmar right,Hand_0011250.jpg,0
1536,22,male,medium,0,0,palmar right,Hand_0011251.jpg,0
1536,22,male,medium,0,0,palmar right,Hand_0011252.jpg,0
1536,22,male,medium,0,0,palmar left,Hand_0011265.jpg,0
1536,22,male,medium,0,0,palmar left,Hand_0011266.jpg,0
1536,22,male,medium,0,0,palmar left,Hand_0011267.jpg,0
1536,22,male,medium,0,0,palmar left,Hand_0011268.jpg,0
1536,22,male,medium,0,0,palmar left,Hand_0011270.jpg,0
1536,22,male,medium,0,0,palmar left,Hand_0011271.jpg,0
1536,22,male,medium,0,0,palmar left,Hand_0011272.jpg,0
1536,22,male,medium,0,0,palmar left,Hand_0011273.jpg,0
1536,22,male,medium,0,0,palmar left,Hand_0011274.jpg,0
1536,22,male,medium,0,0,palmar left,Hand_0011275.jpg,0
1536,22,male,medium,0,0,palmar left,Hand_0011276.jpg,0
1536,22,male,medium,0,0,palmar left,Hand_0011277.jpg,0
1531,22,male,medium,0,0,palmar right,Hand_0011357.jpg,0
1531,22,male,medium,0,0,palmar right,Hand_0011358.jpg,0
1531,22,male,medium,0,0,palmar right,Hand_0011359.jpg,0
1531,22,male,medium,0,0,palmar right,Hand_0011360.jpg,0
1531,22,male,medium,0,0,palmar right,Hand_0011361.jpg,0
1531,22,male,medium,0,0,palmar right,Hand_0011362.jpg,0
1531,22,male,medium,0,0,palmar right,Hand_0011365.jpg,0
1531,22,male,medium,0,0,palmar left,Hand_0011383.jpg,0
1531,22,male,medium,0,0,palmar left,Hand_0011386.jpg,0
1531,22,male,medium,0,0,palmar left,Hand_0011387.jpg,0
1531,22,male,medium,0,0,palmar left,Hand_0011388.jpg,0
