id,age,gender,skinColor,accessories,nailPolish,aspectOfHand,imageName,irregularities
0,27,male,fair,0,0,palmar left,Hand_0000058.jpg,0
0,27,male,fair,1,0,palmar left,Hand_0000046.jpg,0
0,27,male,fair,0,0,palmar left,Hand_0000057.jpg,0
0,27,male,fair,1,0,palmar left,Hand_0000052.jpg,0
0,27,male,fair,0,0,palmar left,Hand_0000069.jpg,0
0,27,male,fair,1,0,palmar left,Hand_0000040.jpg,0
0,27,male,fair,1,0,palmar left,Hand_0000045.jpg,0
0,27,male,fair,0,0,palmar left,Hand_0000066.jpg,0
0,27,male,fair,1,0,palmar left,Hand_0000049.jpg,0
10,21,female,medium,0,0,palmar left,Hand_0001303.jpg,0
10,21,female,medium,0,0,palmar left,Hand_0001307.jpg,0
10,21,female,medium,0,0,palmar left,Hand_0001305.jpg,0
10,21,female,medium,1,0,palmar right,Hand_0001289.jpg,0
10,21,female,medium,0,0,palmar right,Hand_0001321.jpg,0
10,21,female,medium,0,0,palmar right,Hand_0001320.jpg,0
10,21,female,medium,1,0,palmar right,Hand_0001288.jpg,0
10,21,female,medium,1,0,palmar right,Hand_0001290.jpg,0
10,21,female,medium,0,0,palmar right,Hand_0001319.jpg,0
41,20,female,medium,1,0,palmar right,Hand_0001389.jpg,0
41,20,female,medium,1,0,palmar right,Hand_0001391.jpg,0
41,20,female,medium,1,0,palmar left,Hand_0001412.jpg,0
41,20,female,medium,1,0,palmar left,Hand_0001417.jpg,0
41,20,female,medium,1,0,palmar left,Hand_0001400.jpg,0
41,20,female,medium,1,0,palmar right,Hand_0001387.jpg,0
41,20,female,medium,1,0,palmar left,Hand_0001413.jpg,0
41,20,female,medium,1,0,palmar right,Hand_0001390.jpg,0
41,20,female,medium,1,0,palmar left,Hand_0001414.jpg,0
55,20,female,medium,0,0,palmar left,Hand_0005349.jpg,0
55,20,female,medium,1,0,palmar right,Hand_0005332.jpg,0
55,20,female,medium,0,0,palmar left,Hand_0005355.jpg,0
55,20,female,medium,1,0,palmar right,Hand_0005327.jpg,0
55,20,female,medium,0,0,palmar right,Hand_0000234.jpg,0
55,20,female,medium,0,0,palmar left,Hand_0000223.jpg,0
55,20,female,medium,0,0,palmar left,Hand_0005354.jpg,0
55,20,female,medium,0,0,palmar left,Hand_0000224.jpg,0
55,20,female,medium,1,0,palmar left,Hand_0000216.jpg,0
64,21,female,medium,0,0,palmar right,Hand_0001177.jpg,0
64,21,female,medium,0,0,palmar left,Hand_0001200.jpg,0
64,21,female,medium,0,0,palmar left,Hand_0001196.jpg,0
64,21,female,medium,0,0,palmar right,Hand_0001178.jpg,0
64,21,female,medium,0,0,palmar right,Hand_0001181.jpg,0
64,21,female,medium,0,0,palmar right,Hand_0001176.jpg,0
64,21,female,medium,0,0,palmar left,Hand_0001199.jpg,0
64,21,female,medium,0,0,palmar left,Hand_0001191.jpg,0
64,21,female,medium,0,0,palmar left,Hand_0001197.jpg,0
86,21,female,fair,0,0,palmar left,Hand_0002034.jpg,0
86,21,female,fair,0,0,palmar left,Hand_0002032.jpg,0
86,21,female,fair,0,0,palmar left,Hand_0002038.jpg,0
86,21,female,fair,0,0,palmar left,Hand_0002030.jpg,0
86,21,female,fair,0,0,palmar left,Hand_0002037.jpg,0
86,21,female,fair,0,0,palmar right,Hand_0002011.jpg,0
86,21,female,fair,0,0,palmar left,Hand_0002041.jpg,0
86,21,female,fair,0,0,palmar left,Hand_0002028.jpg,0
86,21,female,fair,0,0,palmar left,Hand_0002036.jpg,0
88,22,male,medium,0,0,palmar left,Hand_0010621.jpg,0
88,22,male,medium,0,0,palmar left,Hand_0010598.jpg,0
88,22,male,medium,0,0,palmar left,Hand_0010614.jpg,0
88,22,male,medium,0,0,palmar left,Hand_0010602.jpg,0
88,22,male,medium,0,0,palmar left,Hand_0010604.jpg,0
88,22,male,medium,0,0,palmar left,Hand_0010622.jpg,0
88,22,male,medium,0,0,palmar left,Hand_0010607.jpg,0
88,22,male,medium,0,0,palmar left,Hand_0010615.jpg,0
88,22,male,medium,0,0,palmar left,Hand_0010623.jpg,0
506,22,male,medium,0,0,palmar right,Hand_0010543.jpg,0
506,22,male,medium,0,0,palmar left,Hand_0010557.jpg,0
506,22,male,medium,0,0,palmar left,Hand_0010564.jpg,0
506,22,male,medium,0,0,palmar left,Hand_0010560.jpg,0
506,22,male,medium,0,0,palmar right,Hand_0010544.jpg,0
506,22,male,medium,0,0,palmar left,Hand_0010566.jpg,0
506,22,male,medium,0,0,palmar right,Hand_0010540.jpg,0
506,22,male,medium,0,0,palmar right,Hand_0010539.jpg,0
506,22,male,medium,0,0,palmar left,Hand_0010563.jpg,0
509,21,female,medium,1,0,palmar right,Hand_0007093.jpg,0
509,21,female,medium,1,0,palmar left,Hand_0007056.jpg,0
509,21,female,medium,1,0,palmar left,Hand_0007066.jpg,0
509,21,female,medium,1,0,palmar right,Hand_0007097.jpg,0
509,21,female,medium,1,0,palmar right,Hand_0007098.jpg,0
509,21,female,medium,1,0,palmar right,Hand_0007104.jpg,0
509,21,female,medium,1,0,palmar left,Hand_0007055.jpg,0
509,21,female,medium,1,0,palmar left,Hand_0007064.jpg,0
509,21,female,medium,1,0,palmar right,Hand_0007089.jpg,0
518,23,male,medium,0,0,palmar right,Hand_0010454.jpg,0
518,23,male,medium,0,0,palmar left,Hand_0010481.jpg,0
518,23,male,medium,0,0,palmar left,Hand_0010472.jpg,0
518,23,male,medium,0,0,palmar right,Hand_0010457.jpg,0
518,23,male,medium,0,0,palmar right,Hand_0010452.jpg,0
518,23,male,medium,0,0,palmar left,Hand_0010473.jpg,0
518,23,male,medium,0,0,palmar left,Hand_0010482.jpg,0
518,23,male,medium,0,0,palmar right,Hand_0010447.jpg,0
518,23,male,medium,0,0,palmar right,Hand_0010450.jpg,0
538,21,female,medium,1,0,palmar left,Hand_0009137.jpg,0
538,21,female,medium,1,0,palmar left,Hand_0009135.jpg,0
538,21,female,medium,1,0,palmar left,Hand_0009134.jpg,0
538,21,female,medium,1,0,palmar left,Hand_0009133.jpg,0
538,21,female,medium,1,0,palmar left,Hand_0009128.jpg,0
538,21,female,medium,1,0,palmar left,Hand_0009136.jpg,0
538,21,female,medium,1,0,palmar right,Hand_0009112.jpg,0
538,21,female,medium,1,0,palmar right,Hand_0009117.jpg,0
538,21,female,medium,1,0,palmar right,Hand_0009114.jpg,0
573,21,female,fair,0,0,palmar left,Hand_0008054.jpg,0
573,21,female,fair,0,0,palmar right,Hand_0008020.jpg,0
573,21,female,fair,0,0,palmar right,Hand_0008022.jpg,0
573,21,female,fair,0,0,palmar left,Hand_0008048.jpg,0
573,21,female,fair,0,0,palmar left,Hand_0008050.jpg,0
573,21,female,fair,0,0,palmar left,Hand_0008044.jpg,0
573,21,female,fair,0,0,palmar right,Hand_0008031.jpg,0
573,21,female,fair,0,0,palmar left,Hand_0008033.jpg,0
573,21,female,fair,0,0,palmar right,Hand_0008032.jpg,0
587,22,female,medium,0,0,palmar right,Hand_0005929.jpg,0
587,22,female,medium,0,0,palmar right,Hand_0005919.jpg,0
587,22,female,medium,1,0,palmar left,Hand_0005953.jpg,0
587,22,female,medium,1,0,palmar left,Hand_0005960.jpg,0
587,22,female,medium,0,0,palmar right,Hand_0005921.jpg,0
587,22,female,medium,1,0,palmar left,Hand_0005948.jpg,0
587,22,female,medium,0,0,palmar right,Hand_0005926.jpg,0
587,22,female,medium,0,0,palmar right,Hand_0005923.jpg,0
587,22,female,medium,0,0,palmar right,Hand_0005920.jpg,0
588,21,female,medium,0,0,palmar right,Hand_0005843.jpg,0
588,21,female,medium,0,0,palmar right,Hand_0005847.jpg,0
588,21,female,medium,0,0,palmar right,Hand_0005844.jpg,0
588,21,female,medium,0,0,palmar left,Hand_0005874.jpg,0
588,21,female,medium,0,0,palmar left,Hand_0005867.jpg,0
588,21,female,medium,0,0,palmar right,Hand_0005846.jpg,0
588,21,female,medium,0,0,palmar left,Hand_0005875.jpg,0
588,21,female,medium,0,0,palmar left,Hand_0005877.jpg,0
588,21,female,medium,0,0,palmar right,Hand_0005842.jpg,0
1013,21,male,fair,0,0,palmar left,Hand_0004108.jpg,0
1013,21,male,fair,0,0,palmar right,Hand_0004061.jpg,0
1013,21,male,fair,0,0,palmar left,Hand_0004107.jpg,0
1013,21,male,fair,0,0,palmar right,Hand_0004077.jpg,0
1013,21,male,fair,0,0,palmar right,Hand_0004089.jpg,0
1013,21,male,fair,0,0,palmar left,Hand_0004109.jpg,0
1013,21,male,fair,0,0,palmar right,Hand_0004083.jpg,0
1013,21,male,fair,0,0,palmar left,Hand_0004099.jpg,0
1013,21,male,fair,0,0,palmar right,Hand_0004068.jpg,0
1030,21,male,medium,0,0,palmar right,Hand_0007589.jpg,0
1030,21,male,medium,0,0,palmar right,Hand_0007593.jpg,0
1030,21,male,medium,0,0,palmar left,Hand_0007615.jpg,0
1030,21,male,medium,0,0,palmar right,Hand_0007576.jpg,0
1030,21,male,medium,0,0,palmar left,Hand_0007628.jpg,0
1030,21,male,medium,0,0,palmar right,Hand_0007581.jpg,0
1030,21,male,medium,0,0,palmar left,Hand_0007624.jpg,0
1030,21,male,medium,0,0,palmar right,Hand_0007565.jpg,0
1030,21,male,medium,0,0,palmar left,Hand_0007622.jpg,0
1033,20,female,medium,0,0,palmar right,Hand_0004570.jpg,0
1033,20,female,medium,0,0,palmar left,Hand_0004656.jpg,0
1033,20,female,medium,0,0,palmar left,Hand_0004649.jpg,0
1033,20,female,medium,0,0,palmar left,Hand_0004641.jpg,0
1033,20,female,medium,0,0,palmar left,Hand_0004633.jpg,0
1033,20,female,medium,0,0,palmar left,Hand_0004653.jpg,0
1033,20,female,medium,0,0,palmar right,Hand_0004595.jpg,0
1033,20,female,medium,0,0,palmar left,Hand_0004638.jpg,0
1033,20,female,medium,0,0,palmar left,Hand_0004642.jpg,0
1034,21,female,medium,1,0,palmar left,Hand_0004308.jpg,0
1034,21,female,medium,1,0,palmar left,Hand_0004301.jpg,0
1034,21,female,medium,1,0,palmar right,Hand_0004245.jpg,0
1034,21,female,medium,1,0,palmar right,Hand_0004261.jpg,0
1034,21,female,medium,1,0,palmar right,Hand_0004259.jpg,0
1034,21,female,medium,1,0,palmar right,Hand_0004255.jpg,0
1034,21,female,medium,1,0,palmar left,Hand_0004297.jpg,0
1034,21,female,medium,1,0,palmar left,Hand_0004296.jpg,0
1034,21,female,medium,1,0,palmar left,Hand_0004304.jpg,0
1039,21,male,fair,0,0,palmar right,Hand_0003981.jpg,0
1039,21,male,fair,0,0,palmar right,Hand_0003984.jpg,0
1039,21,male,fair,0,0,palmar right,Hand_0003976.jpg,0
1039,21,male,fair,0,0,palmar left,Hand_0004011.jpg,0
1039,21,male,fair,0,0,palmar left,Hand_0004014.jpg,0
1039,21,male,fair,0,0,palmar left,Hand_0004020.jpg,0
1039,21,male,fair,0,0,palmar left,Hand_0004026.jpg,0
1039,21,male,fair,0,0,palmar left,Hand_0004028.jpg,0
1039,21,male,fair,0,0,palmar left,Hand_0004024.jpg,0
1042,21,female,medium,0,0,palmar left,Hand_0005417.jpg,0
1042,21,female,medium,1,0,palmar right,Hand_0005376.jpg,0
1042,21,female,medium,0,0,palmar left,Hand_0005423.jpg,0
1042,21,female,medium,0,0,palmar left,Hand_0005410.jpg,0
1042,21,female,medium,1,0,palmar right,Hand_0005377.jpg,0
1042,21,female,medium,0,0,palmar left,Hand_0005421.jpg,0
1042,21,female,medium,0,0,palmar left,Hand_0005425.jpg,0
1042,21,female,medium,0,0,palmar left,Hand_0005411.jpg,0
1042,21,female,medium,0,0,palmar left,Hand_0005415.jpg,0
1046,21,female,medium,0,0,palmar left,Hand_0008371.jpg,0
1046,21,female,medium,0,0,palmar left,Hand_0008386.jpg,0
1046,21,female,medium,0,0,palmar left,Hand_0008387.jpg,0
1046,21,female,medium,0,0,palmar right,Hand_0008403.jpg,0
1046,21,female,medium,0,0,palmar left,Hand_0008372.jpg,0
1046,21,female,medium,0,0,palmar left,Hand_0008385.jpg,0
1046,21,female,medium,0,0,palmar right,Hand_0008407.jpg,0
1046,21,female,medium,0,0,palmar left,Hand_0008383.jpg,0
1046,21,female,medium,0,0,palmar right,Hand_0008409.jpg,0
1052,21,female,medium,0,0,palmar left,Hand_0007857.jpg,0
1052,21,female,medium,1,0,palmar right,Hand_0007822.jpg,0
1052,21,female,medium,0,0,palmar left,Hand_0007854.jpg,0
1052,21,female,medium,0,0,palmar left,Hand_0007849.jpg,0
1052,21,female,medium,0,0,palmar left,Hand_0007847.jpg,0
1052,21,female,medium,0,0,palmar left,Hand_0007856.jpg,0
1052,21,female,medium,1,0,palmar right,Hand_0007823.jpg,0
1052,21,female,medium,0,0,palmar left,Hand_0007853.jpg,0
1052,21,female,medium,1,0,palmar right,Hand_0007820.jpg,0
1058,22,female,medium,0,0,palmar left,Hand_0006488.jpg,0
1058,22,female,medium,0,0,palmar right,Hand_0006528.jpg,0
1058,22,female,medium,0,0,palmar left,Hand_0006495.jpg,0
1058,22,female,medium,0,0,palmar left,Hand_0006499.jpg,0
1058,22,female,medium,0,0,palmar right,Hand_0006527.jpg,0
1058,22,female,medium,0,0,palmar right,Hand_0006529.jpg,0
1058,22,female,medium,0,0,palmar right,Hand_0006526.jpg,0
1058,22,female,medium,0,0,palmar left,Hand_0006497.jpg,0
1058,22,female,medium,0,0,palmar left,Hand_0006492.jpg,0
1059,22,male,dark,0,0,palmar right,Hand_0005193.jpg,0
1059,22,male,dark,0,0,palmar right,Hand_0005208.jpg,0
1059,22,male,dark,0,0,palmar right,Hand_0005212.jpg,0
1059,22,male,dark,0,0,palmar left,Hand_0005236.jpg,0
1059,22,male,dark,0,0,palmar left,Hand_0005232.jpg,0
1059,22,male,dark,0,0,palmar left,Hand_0005228.jpg,0
1059,22,male,dark,0,0,palmar right,Hand_0005198.jpg,0
1059,22,male,dark,0,0,palmar right,Hand_0005203.jpg,0
1059,22,male,dark,0,0,palmar right,Hand_0005202.jpg,0
1066,21,female,medium,0,0,palmar right,Hand_0004462.jpg,0
1066,21,female,medium,0,0,palmar left,Hand_0004525.jpg,0
1066,21,female,medium,0,0,palmar left,Hand_0004512.jpg,0
1066,21,female,medium,0,0,palmar left,Hand_0004511.jpg,0
1066,21,female,medium,0,0,palmar left,Hand_0004529.jpg,0
1066,21,female,medium,0,0,palmar left,Hand_0004524.jpg,0
1066,21,female,medium,0,0,palmar left,Hand_0004519.jpg,0
1066,21,female,medium,0,0,palmar left,Hand_0004516.jpg,0
1066,21,female,medium,0,0,palmar left,Hand_0004523.jpg,0
1069,20,female,medium,0,0,palmar right,Hand_0001219.jpg,0
1069,20,female,medium,0,0,palmar left,Hand_0001239.jpg,0
1069,20,female,medium,0,0,palmar right,Hand_0001216.jpg,0
1069,20,female,medium,0,0,palmar right,Hand_0001218.jpg,0
1069,20,female,medium,0,0,palmar right,Hand_0001220.jpg,0
1069,20,female,medium,0,0,palmar right,Hand_0001217.jpg,0
1069,20,female,medium,0,0,palmar left,Hand_0001242.jpg,0
1069,20,female,medium,0,0,palmar right,Hand_0001223.jpg,0
1069,20,female,medium,0,0,palmar left,Hand_0001238.jpg,0
1079,21,female,fair,0,0,palmar right,Hand_0005822.jpg,0
1079,21,female,fair,0,0,palmar right,Hand_0005812.jpg,0
1079,21,female,fair,0,0,palmar left,Hand_0005807.jpg,0
1079,21,female,fair,0,0,palmar left,Hand_0005797.jpg,0
1079,21,female,fair,0,0,palmar right,Hand_0005818.jpg,0
1079,21,female,fair,0,0,palmar left,Hand_0005805.jpg,0
1079,21,female,fair,0,0,palmar right,Hand_0005816.jpg,0
1079,21,female,fair,0,0,palmar right,Hand_0005820.jpg,0
1079,21,female,fair,0,0,palmar right,Hand_0005821.jpg,0
1082,21,female,medium,0,0,palmar left,Hand_0008504.jpg,0
1082,21,female,medium,0,0,palmar right,Hand_0008476.jpg,0
1082,21,female,medium,0,0,palmar left,Hand_0008497.jpg,0
1082,21,female,medium,0,0,palmar left,Hand_0008496.jpg,0
1082,21,female,medium,0,0,palmar right,Hand_0008474.jpg,0
1082,21,female,medium,0,0,palmar left,Hand_0008498.jpg,0
1082,21,female,medium,0,0,palmar right,Hand_0008465.jpg,0
1082,21,female,medium,0,0,palmar right,Hand_0008466.jpg,0
1082,21,female,medium,0,0,palmar right,Hand_0008471.jpg,0
1085,28,male,medium,0,0,palmar right,Hand_0010697.jpg,0
1085,28,male,medium,0,0,palmar right,Hand_0010693.jpg,0
1085,28,male,medium,0,0,palmar right,Hand_0010695.jpg,0
1085,28,male,medium,0,0,palmar right,Hand_0010691.jpg,0
1085,28,male,medium,0,0,palmar right,Hand_0010685.jpg,0
1085,28,male,medium,1,0,palmar left,Hand_0010655.jpg,0
1085,28,male,medium,0,0,palmar right,Hand_0010686.jpg,0
1085,28,male,medium,0,0,palmar right,Hand_0010689.jpg,0
1085,28,male,medium,0,0,palmar right,Hand_0010682.jpg,0
1088,22,male,medium,0,0,palmar left,Hand_0011216.jpg,0
1088,22,male,medium,0,0,palmar left,Hand_0011215.jpg,0
1088,22,male,medium,0,0,palmar left,Hand_0011222.jpg,0
1088,22,male,medium,0,0,palmar right,Hand_0011186.jpg,0
1088,22,male,medium,0,0,palmar left,Hand_0011220.jpg,0
1088,22,male,medium,0,0,palmar right,Hand_0011195.jpg,0
1088,22,male,medium,0,0,palmar left,Hand_0011219.jpg,0
1088,22,male,medium,0,0,palmar right,Hand_0011193.jpg,0
1088,22,male,medium,0,0,palmar left,Hand_0011218.jpg,0
1090,22,male,fair,1,0,palmar left,Hand_0010768.jpg,0
1090,22,male,fair,0,0,palmar right,Hand_0010800.jpg,0
1090,22,male,fair,1,0,palmar right,Hand_0010736.jpg,0
1090,22,male,fair,1,0,palmar right,Hand_0010732.jpg,0
1090,22,male,fair,0,0,palmar right,Hand_0010795.jpg,0
1090,22,male,fair,1,0,palmar left,Hand_0010763.jpg,0
1090,22,male,fair,1,0,palmar right,Hand_0010723.jpg,0
1090,22,male,fair,1,0,palmar left,Hand_0010766.jpg,0
1090,22,male,fair,0,0,palmar right,Hand_0010793.jpg,0
1513,21,male,fair,0,0,palmar right,Hand_0007668.jpg,0
1513,21,male,fair,0,0,palmar right,Hand_0007664.jpg,0
1513,21,male,fair,0,0,palmar left,Hand_0007714.jpg,0
1513,21,male,fair,0,0,palmar right,Hand_0007660.jpg,0
1513,21,male,fair,0,0,palmar right,Hand_0007666.jpg,0
1513,21,male,fair,0,0,palmar right,Hand_0007661.jpg,0
1513,21,male,fair,0,0,palmar left,Hand_0007717.jpg,0
1513,21,male,fair,0,0,palmar left,Hand_0007712.jpg,0
1513,21,male,fair,0,0,palmar left,Hand_0007716.jpg,0
1517,21,female,medium,1,0,palmar left,Hand_0001749.jpg,0
1517,21,female,medium,1,0,palmar left,Hand_0001744.jpg,0
1517,21,female,medium,1,0,palmar left,Hand_0001748.jpg,0
1517,21,female,medium,0,0,palmar right,Hand_0001725.jpg,0
1517,21,female,medium,1,0,palmar left,Hand_0001752.jpg,0
1517,21,female,medium,1,0,palmar left,Hand_0001747.jpg,0
1517,21,female,medium,1,0,palmar left,Hand_0001754.jpg,0
1517,21,female,medium,1,0,palmar left,Hand_0001753.jpg,0
1517,21,female,medium,0,0,palmar right,Hand_0001728.jpg,0
1519,20,male,medium,1,0,palmar right,Hand_0001684.jpg,0
1519,20,male,medium,1,0,palmar right,Hand_0001687.jpg,0
1519,20,male,medium,0,0,palmar right,Hand_0001697.jpg,0
1519,20,male,medium,0,0,palmar right,Hand_0001695.jpg,0
1519,20,male,medium,1,0,palmar right,Hand_0001683.jpg,0
1519,20,male,medium,0,0,palmar left,Hand_0001712.jpg,0
1519,20,male,medium,0,0,palmar left,Hand_0001711.jpg,0
1519,20,male,medium,0,0,palmar right,Hand_0001699.jpg,0
1519,20,male,medium,0,0,palmar right,Hand_0001698.jpg,0
1531,22,male,medium,0,0,palmar left,Hand_0011391.jpg,0
1531,22,male,medium,0,0,palmar left,Hand_0011389.jpg,0
1531,22,male,medium,0,0,palmar right,Hand_0011356.jpg,0
1531,22,male,medium,0,0,palmar left,Hand_0011385.jpg,0
1531,22,male,medium,0,0,palmar left,Hand_0011390.jpg,0
1531,22,male,medium,0,0,palmar right,Hand_0011366.jpg,0
1531,22,male,medium,0,0,palmar left,Hand_0011382.jpg,0
1531,22,male,medium,0,0,palmar left,Hand_0011384.jpg,0
1531,22,male,medium,0,0,palmar right,Hand_0011364.jpg,0
1535,22,female,medium,0,0,palmar left,Hand_0001139.jpg,0
1535,22,female,medium,0,0,palmar left,Hand_0001137.jpg,0
1535,22,female,medium,0,0,palmar left,Hand_0001140.jpg,0
1535,22,female,medium,0,0,palmar left,Hand_0001135.jpg,0
1535,22,female,medium,0,0,palmar right,Hand_0001108.jpg,0
1535,22,female,medium,0,0,palmar right,Hand_0001107.jpg,0
1535,22,female,medium,1,0,palmar right,Hand_0001105.jpg,0
1535,22,female,medium,0,0,palmar left,Hand_0001134.jpg,0
1535,22,female,medium,1,0,palmar right,Hand_0001102.jpg,0
1536,22,male,medium,0,0,palmar right,Hand_0011238.jpg,0
1536,22,male,medium,0,0,palmar right,Hand_0011246.jpg,0
1536,22,male,medium,0,0,palmar left,Hand_0011278.jpg,0
1536,22,male,medium,0,0,palmar right,Hand_0011248.jpg,0
1536,22,male,medium,0,0,palmar right,Hand_0011247.jpg,0
1536,22,male,medium,0,0,palmar right,Hand_0011249.jpg,0
1536,22,male,medium,0,0,palmar left,Hand_0011269.jpg,0
1536,22,male,medium,0,0,palmar right,Hand_0011239.jpg,0
1536,22,male,medium,0,0,palmar right,Hand_0011244.jpg,0
1545,22,female,medium,1,0,palmar right,Hand_0002240.jpg,0
1545,22,female,medium,0,0,palmar left,Hand_0002287.jpg,0
1545,22,female,medium,1,0,palmar right,Hand_0002251.jpg,0
1545,22,female,medium,0,0,palmar left,Hand_0002294.jpg,0
1545,22,female,medium,1,0,palmar right,Hand_0002242.jpg,0
1545,22,female,medium,0,0,palmar left,Hand_0002297.jpg,0
1545,22,female,medium,0,0,palmar left,Hand_0002289.jpg,0
1545,22,female,medium,1,0,palmar right,Hand_0002252.jpg,0
1545,22,female,medium,0,0,palmar left,Hand_0002295.jpg,0
1556,22,female,medium,1,0,palmar left,Hand_0006700.jpg,0
1556,22,female,medium,1,0,palmar right,Hand_0006663.jpg,0
1556,22,female,medium,1,0,palmar left,Hand_0006702.jpg,0
1556,22,female,medium,1,0,palmar right,Hand_0006664.jpg,0
1556,22,female,medium,1,0,palmar left,Hand_0006706.jpg,0
1556,22,female,medium,1,0,palmar left,Hand_0006703.jpg,0
1556,22,female,medium,1,0,palmar left,Hand_0006705.jpg,0
1556,22,female,medium,1,0,palmar right,Hand_0006653.jpg,0
1556,22,female,medium,1,0,palmar left,Hand_0006710.jpg,0
1558,21,female,medium,0,0,palmar right,Hand_0004986.jpg,0
1558,21,female,medium,0,0,palmar right,Hand_0004989.jpg,0
1558,21,female,medium,0,0,palmar right,Hand_0005028.jpg,0
1558,21,female,medium,1,0,palmar left,Hand_0005097.jpg,0
1558,21,female,medium,0,0,palmar right,Hand_0005008.jpg,0
1558,21,female,medium,0,0,palmar right,Hand_0005018.jpg,0
1558,21,female,medium,1,0,palmar left,Hand_0005084.jpg,0
1558,21,female,medium,0,0,palmar right,Hand_0004988.jpg,0
1558,21,female,medium,0,0,palmar right,Hand_0005013.jpg,0
1560,21,male,dark,0,0,palmar left,Hand_0006576.jpg,0
1560,21,male,dark,0,0,palmar right,Hand_0006548.jpg,0
1560,21,male,dark,0,0,palmar left,Hand_0006566.jpg,0
1560,21,male,dark,0,0,palmar right,Hand_0006543.jpg,0
1560,21,male,dark,0,0,palmar right,Hand_0006551.jpg,0
1560,21,male,dark,0,0,palmar right,Hand_0006544.jpg,0
1560,21,male,dark,0,0,palmar left,Hand_0006575.jpg,0
1560,21,male,dark,0,0,palmar right,Hand_0006550.jpg,0
1560,21,male,dark,0,0,palmar left,Hand_0006570.jpg,0
1562,23,female,fair,1,0,palmar right,Hand_0007324.jpg,0
1562,23,female,fair,0,0,palmar left,Hand_0007283.jpg,0
1562,23,female,fair,1,0,palmar right,Hand_0007323.jpg,0
1562,23,female,fair,1,0,palmar right,Hand_0007322.jpg,0
1562,23,female,fair,1,0,palmar right,Hand_0007319.jpg,0
1562,23,female,fair,1,0,palmar right,Hand_0007317.jpg,0
1562,23,female,fair,0,0,palmar left,Hand_0007282.jpg,0
1562,23,female,fair,1,0,palmar right,Hand_0007318.jpg,0
1562,23,female,fair,0,0,palmar left,Hand_0007288.jpg,0
1571,21,female,fair,1,0,palmar left,Hand_0003580.jpg,0
1571,21,female,fair,1,0,palmar left,Hand_0003577.jpg,0
1571,21,female,fair,1,0,palmar right,Hand_0003538.jpg,0
1571,21,female,fair,1,0,palmar left,Hand_0003587.jpg,0
1571,21,female,fair,1,0,palmar right,Hand_0003539.jpg,0
1571,21,female,fair,1,0,palmar left,Hand_0003583.jpg,0
1571,21,female,fair,1,0,palmar right,Hand_0003535.jpg,0
1571,21,female,fair,1,0,palmar right,Hand_0003540.jpg,0
1571,21,female,fair,1,0,palmar left,Hand_0003579.jpg,0
1594,23,male,medium,0,0,palmar right,Hand_0010410.jpg,0
1594,23,male,medium,0,0,palmar right,Hand_0010407.jpg,0
1594,23,male,medium,0,0,palmar left,Hand_0010432.jpg,0
1594,23,male,medium,0,0,palmar right,Hand_0010406.jpg,0
1594,23,male,medium,0,0,palmar right,Hand_0010408.jpg,0
1594,23,male,medium,0,0,palmar right,Hand_0010409.jpg,0
1594,23,male,medium,0,0,palmar left,Hand_0010423.jpg,0
1594,23,male,medium,0,0,palmar left,Hand_0010433.jpg,0
1594,23,male,medium,0,0,palmar right,Hand_0010405.jpg,0
1100000,25,male,medium,0,0,palmar left,Hand_0009847.jpg,0
1100000,25,male,medium,0,0,palmar right,Hand_0009829.jpg,0
1100000,25,male,medium,0,0,palmar left,Hand_0009848.jpg,0
1100000,25,male,medium,0,0,palmar left,Hand_0009846.jpg,0
1100000,25,male,medium,0,0,palmar right,Hand_0009831.jpg,0
1100000,25,male,medium,0,0,palmar left,Hand_0009850.jpg,0
1100000,25,male,medium,0,0,palmar right,Hand_0009834.jpg,0
1100000,25,male,medium,0,0,palmar right,Hand_0009830.jpg,0
1100000,25,male,medium,0,0,palmar left,Hand_0009851.jpg,0
2000000,75,female,dark,0,0,palmar left,Hand_0009439.jpg,0
2000000,75,female,dark,0,0,palmar left,Hand_0009427.jpg,0
2000000,75,female,dark,0,0,palmar left,Hand_0009438.jpg,0
2000000,75,female,dark,0,0,palmar right,Hand_0009485.jpg,0
2000000,75,female,dark,0,0,palmar left,Hand_0009436.jpg,0
2000000,75,female,dark,0,0,palmar right,Hand_0009480.jpg,0
2000000,75,female,dark,0,0,palmar right,Hand_0009484.jpg,0
2000000,75,female,dark,0,0,palmar right,Hand_0009479.jpg,0
2000000,75,female,dark,0,0,palmar right,Hand_0009490.jpg,0
3000000,19,female,very fair,0,0,palmar right,Hand_0009507.jpg,0
3000000,19,female,very fair,1,0,palmar left,Hand_0009537.jpg,0
3000000,19,female,very fair,1,0,palmar left,Hand_0009545.jpg,0
3000000,19,female,very fair,1,0,palmar left,Hand_0009541.jpg,0
3000000,19,female,very fair,1,0,palmar left,Hand_0009539.jpg,0
3000000,19,female,very fair,1,0,palmar left,Hand_0009540.jpg,0
3000000,19,female,very fair,0,0,palmar right,Hand_0009506.jpg,0
3000000,19,female,very fair,0,0,palmar right,Hand_0009508.jpg,0
3000000,19,female,very fair,0,0,palmar right,Hand_0009505.jpg,0
5000000,18,female,dark,0,0,palmar left,Hand_0009629.jpg,0
5000000,18,female,dark,0,0,palmar left,Hand_0009616.jpg,0
5000000,18,female,dark,0,0,palmar right,Hand_0009604.jpg,0
5000000,18,female,dark,0,0,palmar left,Hand_0009617.jpg,0
5000000,18,female,dark,0,0,palmar left,Hand_0009619.jpg,0
5000000,18,female,dark,0,0,palmar right,Hand_0009606.jpg,0
5000000,18,female,dark,0,0,palmar right,Hand_0009605.jpg,0
5000000,18,female,dark,0,0,palmar right,Hand_0009597.jpg,0
5000000,18,female,dark,0,0,palmar right,Hand_0009608.jpg,0
7000000,24,male,fair,1,0,palmar right,Hand_0009705.jpg,0
7000000,24,male,fair,0,0,palmar left,Hand_0009678.jpg,0
7000000,24,male,fair,1,0,palmar right,Hand_0009702.jpg,0
7000000,24,male,fair,0,0,palmar left,Hand_0009679.jpg,0
7000000,24,male,fair,1,0,palmar right,Hand_0009706.jpg,0
7000000,24,male,fair,1,0,palmar right,Hand_0009701.jpg,0
7000000,24,male,fair,1,0,palmar right,Hand_0009704.jpg,0
7000000,24,male,fair,0,0,palmar left,Hand_0009671.jpg,0
7000000,24,male,fair,0,0,palmar left,Hand_0009676.jpg,0
8000000,21,male,medium,0,0,palmar left,Hand_0009761.jpg,0
8000000,21,male,medium,0,0,palmar left,Hand_0009755.jpg,0
8000000,21,male,medium,0,0,palmar left,Hand_0009754.jpg,0
8000000,21,male,medium,0,0,palmar left,Hand_0009765.jpg,0
8000000,21,male,medium,0,0,palmar right,Hand_0009726.jpg,0
8000000,21,male,medium,0,0,palmar right,Hand_0009725.jpg,0
8000000,21,male,medium,0,0,palmar left,Hand_0009758.jpg,0
8000000,21,male,medium,0,0,palmar right,Hand_0009731.jpg,0
8000000,21,male,medium,0,0,palmar right,Hand_0009722.jpg,0
