id,age,gender,skinColor,accessories,nailPolish,aspectOfHand,imageName,irregularities
25,20,female,dark,1,0,dorsal right,Hand_0000259.jpg,0
25,20,female,dark,1,0,dorsal right,Hand_0000261.jpg,0
25,20,female,dark,1,0,dorsal right,Hand_0000262.jpg,0
25,20,female,dark,1,0,dorsal right,Hand_0000263.jpg,0
25,20,female,dark,1,0,dorsal right,Hand_0000264.jpg,0
25,20,female,dark,1,0,dorsal right,Hand_0000265.jpg,0
25,20,female,dark,0,0,dorsal left,Hand_0000273.jpg,0
25,20,female,dark,0,0,dorsal left,Hand_0000275.jpg,0
25,20,female,dark,0,0,dorsal left,Hand_0000276.jpg,0
25,20,female,dark,0,0,dorsal left,Hand_0000278.jpg,0
1073,20,female,medium,1,0,dorsal left,Hand_0000397.jpg,0
1073,20,female,medium,1,0,dorsal left,Hand_0000398.jpg,0
1073,20,female,medium,1,0,dorsal left,Hand_0000399.jpg,0
1073,20,female,medium,1,0,dorsal left,Hand_0000402.jpg,0
1073,20,female,medium,1,0,dorsal left,Hand_0000403.jpg,0
1073,20,female,medium,1,0,dorsal left,Hand_0000404.jpg,0
1073,20,female,medium,1,0,dorsal left,Hand_0000406.jpg,0
1073,20,female,medium,1,0,dorsal left,Hand_0000408.jpg,0
1073,20,female,medium,0,0,dorsal left,Hand_0000416.jpg,0
1073,20,female,medium,0,0,dorsal left,Hand_0000417.jpg,0
1073,20,female,medium,0,0,dorsal left,Hand_0000418.jpg,0
1073,20,female,medium,0,0,dorsal left,Hand_0000421.jpg,0
1073,20,female,medium,0,0,dorsal right,Hand_0000428.jpg,0
1073,20,female,medium,0,0,dorsal right,Hand_0000429.jpg,0
1073,20,female,medium,0,0,dorsal right,Hand_0000433.jpg,0
63,21,female,medium,1,0,dorsal right,Hand_0000563.jpg,0
63,21,female,medium,0,0,dorsal left,Hand_0000572.jpg,0
63,21,female,medium,0,0,dorsal left,Hand_0000578.jpg,0
63,21,female,medium,0,0,dorsal left,Hand_0000579.jpg,0
63,21,female,medium,0,0,dorsal left,Hand_0000580.jpg,0
63,21,female,medium,0,0,dorsal left,Hand_0000581.jpg,0
57,26,male,dark,0,0,dorsal left,Hand_0000876.jpg,0
57,26,male,dark,0,0,dorsal left,Hand_0000877.jpg,0
57,26,male,dark,0,0,dorsal left,Hand_0000881.jpg,0
57,26,male,dark,0,0,dorsal left,Hand_0000882.jpg,0
57,26,male,dark,1,0,dorsal right,Hand_0000896.jpg,0
57,26,male,dark,1,0,dorsal right,Hand_0000897.jpg,0
57,26,male,dark,1,0,dorsal right,Hand_0000900.jpg,0
57,26,male,dark,1,0,dorsal right,Hand_0000903.jpg,0
57,26,male,dark,1,0,dorsal right,Hand_0000905.jpg,0
57,26,male,dark,0,0,dorsal right,Hand_0000913.jpg,0
57,26,male,dark,0,0,dorsal right,Hand_0000914.jpg,0
57,26,male,dark,0,0,dorsal right,Hand_0000915.jpg,0
57,26,male,dark,0,0,dorsal right,Hand_0000916.jpg,0
57,26,male,dark,0,0,dorsal right,Hand_0000918.jpg,0
57,26,male,dark,0,0,dorsal right,Hand_0000919.jpg,0
529,22,female,fair,1,0,dorsal right,Hand_0000930.jpg,0
529,22,female,fair,1,0,dorsal right,Hand_0000931.jpg,0
529,22,female,fair,1,0,dorsal right,Hand_0000933.jpg,0
529,22,female,fair,0,0,dorsal left,Hand_0000942.jpg,0
529,22,female,fair,0,0,dorsal left,Hand_0000951.jpg,0
529,22,female,fair,0,0,dorsal left,Hand_0000952.jpg,0
529,22,female,fair,0,0,dorsal left,Hand_0000956.jpg,0
529,22,female,fair,0,0,dorsal left,Hand_0000957.jpg,0
64,21,female,medium,0,0,dorsal right,Hand_0001169.jpg,0
64,21,female,medium,0,0,dorsal right,Hand_0001170.jpg,0
64,21,female,medium,0,0,dorsal right,Hand_0001174.jpg,0
64,21,female,medium,0,0,dorsal right,Hand_0001175.jpg,0
64,21,female,medium,0,0,dorsal left,Hand_0001184.jpg,0
64,21,female,medium,0,0,dorsal left,Hand_0001186.jpg,0
64,21,female,medium,0,0,dorsal left,Hand_0001188.jpg,0
64,21,female,medium,0,0,dorsal left,Hand_0001189.jpg,0
1506,21,female,fair,1,0,dorsal right,Hand_0001513.jpg,0
1506,21,female,fair,1,0,dorsal right,Hand_0001515.jpg,0
1506,21,female,fair,1,0,dorsal right,Hand_0001517.jpg,0
1506,21,female,fair,1,0,dorsal right,Hand_0001518.jpg,0
1506,21,female,fair,1,0,dorsal right,Hand_0001519.jpg,0
1506,21,female,fair,1,0,dorsal right,Hand_0001520.jpg,0
1506,21,female,fair,1,0,dorsal right,Hand_0001521.jpg,0
1506,21,female,fair,1,0,dorsal right,Hand_0001529.jpg,0
1506,21,female,fair,1,0,dorsal right,Hand_0001530.jpg,0
1506,21,female,fair,1,0,dorsal right,Hand_0001532.jpg,0
1506,21,female,fair,1,0,dorsal right,Hand_0001533.jpg,0
1506,21,female,fair,1,0,dorsal right,Hand_0001534.jpg,0
1506,21,female,fair,0,0,dorsal left,Hand_0001548.jpg,0
1506,21,female,fair,0,0,dorsal left,Hand_0001549.jpg,0
1506,21,female,fair,0,0,dorsal left,Hand_0001551.jpg,0
1506,21,female,fair,0,0,dorsal left,Hand_0001552.jpg,0
1506,21,female,fair,0,0,dorsal left,Hand_0001553.jpg,0
67,22,male,medium,0,0,dorsal left,Hand_0001833.jpg,0
67,22,male,medium,0,0,dorsal left,Hand_0001834.jpg,0
67,22,male,medium,0,0,dorsal left,Hand_0001835.jpg,0
67,22,male,medium,0,0,dorsal left,Hand_0001836.jpg,0
67,22,male,medium,0,0,dorsal left,Hand_0001838.jpg,0
67,22,male,medium,0,0,dorsal left,Hand_0001839.jpg,0
67,22,male,medium,0,0,dorsal left,Hand_0001841.jpg,0
67,22,male,medium,0,0,dorsal left,Hand_0001842.jpg,0
67,22,male,medium,1,0,dorsal right,Hand_0001851.jpg,0
67,22,male,medium,1,0,dorsal right,Hand_0001852.jpg,0
67,22,male,medium,1,0,dorsal right,Hand_0001855.jpg,0
67,22,male,medium,1,0,dorsal right,Hand_0001857.jpg,0
67,22,male,medium,1,0,dorsal right,Hand_0001858.jpg,0
67,22,male,medium,1,0,dorsal right,Hand_0001859.jpg,0
67,22,male,medium,1,0,dorsal right,Hand_0001861.jpg,0
67,22,male,medium,0,0,dorsal right,Hand_0001873.jpg,0
67,22,male,medium,0,0,dorsal right,Hand_0001874.jpg,0
67,22,male,medium,0,0,dorsal right,Hand_0001875.jpg,0
67,22,male,medium,0,0,dorsal right,Hand_0001876.jpg,0
67,22,male,medium,0,0,dorsal right,Hand_0001877.jpg,0
86,21,female,fair,0,0,dorsal right,Hand_0001989.jpg,0
86,21,female,fair,0,0,dorsal right,Hand_0001991.jpg,0
86,21,female,fair,0,0,dorsal right,Hand_0001992.jpg,0
86,21,female,fair,0,0,dorsal right,Hand_0001994.jpg,0
86,21,female,fair,0,0,dorsal right,Hand_0001995.jpg,0
86,21,female,fair,0,0,dorsal right,Hand_0001997.jpg,0
86,21,female,fair,0,0,dorsal right,Hand_0001998.jpg,0
86,21,female,fair,0,0,dorsal right,Hand_0002000.jpg,0
86,21,female,fair,0,0,dorsal right,Hand_0002003.jpg,0
86,21,female,fair,0,0,dorsal right,Hand_0002004.jpg,0
86,21,female,fair,0,0,dorsal right,Hand_0002005.jpg,0
86,21,female,fair,0,0,dorsal left,Hand_0002018.jpg,0
86,21,female,fair,0,0,dorsal left,Hand_0002022.jpg,0
86,21,female,fair,0,0,dorsal left,Hand_0002023.jpg,0
86,21,female,fair,0,0,dorsal left,Hand_0002024.jpg,0
86,21,female,fair,0,0,dorsal left,Hand_0002025.jpg,0
86,21,female,fair,0,0,dorsal left,Hand_0002026.jpg,0
1555,25,male,medium,0,0,dorsal right,Hand_0002043.jpg,0
1555,25,male,medium,0,0,dorsal right,Hand_0002045.jpg,0
1555,25,male,medium,0,0,dorsal right,Hand_0002046.jpg,0
1555,25,male,medium,0,0,dorsal right,Hand_0002047.jpg,0
1555,25,male,medium,0,0,dorsal right,Hand_0002048.jpg,0
1555,25,male,medium,0,0,dorsal right,Hand_0002049.jpg,0
1555,25,male,medium,0,0,dorsal left,Hand_0002058.jpg,0
1555,25,male,medium,0,0,dorsal left,Hand_0002059.jpg,0
1555,25,male,medium,0,0,dorsal left,Hand_0002060.jpg,0
1555,25,male,medium,0,0,dorsal left,Hand_0002061.jpg,0
1555,25,male,medium,0,0,dorsal left,Hand_0002063.jpg,0
1555,25,male,medium,0,0,dorsal left,Hand_0002065.jpg,0
1555,25,male,medium,0,0,dorsal left,Hand_0002067.jpg,0
1555,25,male,medium,0,0,dorsal left,Hand_0002070.jpg,0
1555,25,male,medium,0,0,dorsal left,Hand_0002073.jpg,0
1555,25,male,medium,0,0,dorsal left,Hand_0002074.jpg,0
1555,25,male,medium,0,0,dorsal left,Hand_0002077.jpg,0
1555,25,male,medium,0,0,dorsal left,Hand_0002078.jpg,0
1545,22,female,medium,1,1,dorsal right,Hand_0002206.jpg,0
1545,22,female,medium,1,1,dorsal right,Hand_0002207.jpg,0
1545,22,female,medium,1,1,dorsal right,Hand_0002209.jpg,0
1545,22,female,medium,1,1,dorsal right,Hand_0002211.jpg,0
1545,22,female,medium,1,1,dorsal right,Hand_0002213.jpg,0
1545,22,female,medium,1,1,dorsal right,Hand_0002214.jpg,0
1545,22,female,medium,1,1,dorsal right,Hand_0002215.jpg,0
1545,22,female,medium,1,1,dorsal right,Hand_0002216.jpg,0
1545,22,female,medium,1,1,dorsal right,Hand_0002217.jpg,0
1545,22,female,medium,1,1,dorsal right,Hand_0002218.jpg,0
1545,22,female,medium,1,1,dorsal right,Hand_0002219.jpg,0
1545,22,female,medium,1,1,dorsal right,Hand_0002220.jpg,0
1545,22,female,medium,1,1,dorsal right,Hand_0002221.jpg,0
1545,22,female,medium,1,1,dorsal right,Hand_0002222.jpg,0
1545,22,female,medium,1,1,dorsal right,Hand_0002223.jpg,0
1545,22,female,medium,1,1,dorsal right,Hand_0002225.jpg,0
1545,22,female,medium,1,1,dorsal right,Hand_0002227.jpg,0
1545,22,female,medium,1,1,dorsal right,Hand_0002228.jpg,0
1545,22,female,medium,1,1,dorsal left,Hand_0002253.jpg,0
1545,22,female,medium,1,1,dorsal left,Hand_0002254.jpg,0
1545,22,female,medium,1,1,dorsal left,Hand_0002256.jpg,0
1545,22,female,medium,1,1,dorsal left,Hand_0002257.jpg,0
1545,22,female,medium,1,1,dorsal left,Hand_0002259.jpg,0
1545,22,female,medium,1,1,dorsal left,Hand_0002260.jpg,0
1545,22,female,medium,1,1,dorsal left,Hand_0002261.jpg,0
1545,22,female,medium,1,1,dorsal left,Hand_0002263.jpg,0
1545,22,female,medium,1,1,dorsal left,Hand_0002264.jpg,0
1545,22,female,medium,1,1,dorsal left,Hand_0002265.jpg,0
1545,22,female,medium,1,1,dorsal left,Hand_0002266.jpg,0
1545,22,female,medium,1,1,dorsal left,Hand_0002267.jpg,0
1545,22,female,medium,1,1,dorsal left,Hand_0002268.jpg,0
1545,22,female,medium,1,1,dorsal left,Hand_0002269.jpg,0
1545,22,female,medium,1,1,dorsal left,Hand_0002270.jpg,0
1545,22,female,medium,1,1,dorsal left,Hand_0002271.jpg,0
1545,22,female,medium,1,1,dorsal left,Hand_0002272.jpg,0
1545,22,female,medium,1,1,dorsal left,Hand_0002273.jpg,0
1545,22,female,medium,1,1,dorsal left,Hand_0002275.jpg,0
1545,22,female,medium,1,1,dorsal left,Hand_0002276.jpg,0
1545,22,female,medium,1,1,dorsal left,Hand_0002278.jpg,0
1020,20,female,medium,0,0,dorsal right,Hand_0002300.jpg,0
1020,20,female,medium,0,0,dorsal right,Hand_0002301.jpg,0
1020,20,female,medium,0,0,dorsal right,Hand_0002302.jpg,0
1020,20,female,medium,0,0,dorsal right,Hand_0002303.jpg,0
1020,20,female,medium,0,0,dorsal right,Hand_0002304.jpg,0
1020,20,female,medium,0,0,dorsal right,Hand_0002305.jpg,0
1020,20,female,medium,0,0,dorsal right,Hand_0002306.jpg,0
1020,20,female,medium,0,0,dorsal right,Hand_0002307.jpg,0
1020,20,female,medium,0,0,dorsal right,Hand_0002308.jpg,0
1020,20,female,medium,0,0,dorsal right,Hand_0002309.jpg,0
1020,20,female,medium,0,0,dorsal right,Hand_0002310.jpg,0
1020,20,female,medium,0,0,dorsal right,Hand_0002311.jpg,0
1020,20,female,medium,0,0,dorsal right,Hand_0002313.jpg,0
1020,20,female,medium,0,0,dorsal right,Hand_0002314.jpg,0
1020,20,female,medium,0,0,dorsal right,Hand_0002315.jpg,0
1020,20,female,medium,0,0,dorsal right,Hand_0002316.jpg,0
1020,20,female,medium,0,0,dorsal right,Hand_0002317.jpg,0
1020,20,female,medium,0,0,dorsal right,Hand_0002318.jpg,0
1020,20,female,medium,0,0,dorsal right,Hand_0002319.jpg,0
1020,20,female,medium,0,0,dorsal right,Hand_0002320.jpg,0
1020,20,female,medium,0,0,dorsal right,Hand_0002321.jpg,0
1020,20,female,medium,0,0,dorsal right,Hand_0002323.jpg,0
1020,20,female,medium,0,0,dorsal right,Hand_0002324.jpg,0
1020,20,female,medium,0,0,dorsal right,Hand_0002325.jpg,0
1020,20,female,medium,0,0,dorsal right,Hand_0002326.jpg,0
1020,20,female,medium,0,0,dorsal right,Hand_0002327.jpg,0
1020,20,female,medium,0,0,dorsal right,Hand_0002328.jpg,0
1020,20,female,medium,0,0,dorsal right,Hand_0002329.jpg,0
1020,20,female,medium,0,0,dorsal right,Hand_0002331.jpg,0
1020,20,female,medium,0,0,dorsal right,Hand_0002332.jpg,0
1020,20,female,medium,0,0,dorsal right,Hand_0002333.jpg,0
1020,20,female,medium,1,0,dorsal left,Hand_0002356.jpg,0
1020,20,female,medium,1,0,dorsal left,Hand_0002357.jpg,0
1020,20,female,medium,1,0,dorsal left,Hand_0002358.jpg,0
1020,20,female,medium,1,0,dorsal left,Hand_0002359.jpg,0
1020,20,female,medium,1,0,dorsal left,Hand_0002360.jpg,0
1020,20,female,medium,1,0,dorsal left,Hand_0002361.jpg,0
1020,20,female,medium,1,0,dorsal left,Hand_0002362.jpg,0
1020,20,female,medium,1,0,dorsal left,Hand_0002363.jpg,0
1020,20,female,medium,1,0,dorsal left,Hand_0002365.jpg,0
1020,20,female,medium,1,0,dorsal left,Hand_0002366.jpg,0
1020,20,female,medium,1,0,dorsal left,Hand_0002367.jpg,0
1020,20,female,medium,1,0,dorsal left,Hand_0002369.jpg,0
1020,20,female,medium,1,0,dorsal left,Hand_0002371.jpg,0
1020,20,female,medium,1,0,dorsal left,Hand_0002372.jpg,0
1020,20,female,medium,1,0,dorsal left,Hand_0002373.jpg,0
1020,20,female,medium,1,0,dorsal left,Hand_0002375.jpg,0
1020,20,female,medium,1,0,dorsal left,Hand_0002376.jpg,0
1020,20,female,medium,1,0,dorsal left,Hand_0002377.jpg,0
1020,20,female,medium,1,0,dorsal left,Hand_0002378.jpg,0
1020,20,female,medium,1,0,dorsal left,Hand_0002379.jpg,0
1020,20,female,medium,1,0,dorsal left,Hand_0002381.jpg,0
1020,20,female,medium,1,0,dorsal left,Hand_0002382.jpg,0
1020,20,female,medium,1,0,dorsal left,Hand_0002383.jpg,0
1020,20,female,medium,1,0,dorsal left,Hand_0002384.jpg,0
1020,20,female,medium,1,0,dorsal left,Hand_0002385.jpg,0
1020,20,female,medium,1,0,dorsal left,Hand_0002397.jpg,0
1020,20,female,medium,1,0,dorsal left,Hand_0002398.jpg,0
1020,20,female,medium,1,0,dorsal left,Hand_0002399.jpg,0
1020,20,female,medium,1,0,dorsal left,Hand_0002400.jpg,0
1020,20,female,medium,1,0,dorsal left,Hand_0002401.jpg,0
1020,20,female,medium,1,0,dorsal left,Hand_0002402.jpg,0
1020,20,female,medium,1,0,dorsal left,Hand_0002403.jpg,0
1020,20,female,medium,1,0,dorsal left,Hand_0002404.jpg,0
1020,20,female,medium,1,0,dorsal left,Hand_0002405.jpg,0
1020,20,female,medium,1,0,dorsal left,Hand_0002406.jpg,0
1020,20,female,medium,1,0,dorsal left,Hand_0002407.jpg,0
1020,20,female,medium,1,0,dorsal left,Hand_0002408.jpg,0
1020,20,female,medium,1,0,dorsal left,Hand_0002409.jpg,0
1020,20,female,medium,1,0,dorsal left,Hand_0002411.jpg,0
1020,20,female,medium,1,0,dorsal left,Hand_0002412.jpg,0
1020,20,female,medium,1,0,dorsal left,Hand_0002413.jpg,0
1020,20,female,medium,1,0,dorsal left,Hand_0002414.jpg,0
1020,20,female,medium,1,0,dorsal left,Hand_0002415.jpg,0
1020,20,female,medium,1,0,dorsal left,Hand_0002416.jpg,0
1020,20,female,medium,1,0,dorsal left,Hand_0002417.jpg,0
1020,20,female,medium,1,0,dorsal left,Hand_0002418.jpg,0
1020,20,female,medium,1,0,dorsal left,Hand_0002419.jpg,0
1020,20,female,medium,1,0,dorsal left,Hand_0002420.jpg,0
1020,20,female,medium,1,0,dorsal left,Hand_0002422.jpg,0
1024,22,male,medium,0,0,dorsal right,Hand_0002722.jpg,0
1024,22,male,medium,0,0,dorsal right,Hand_0002723.jpg,0
1024,22,male,medium,0,0,dorsal right,Hand_0002724.jpg,0
1024,22,male,medium,0,0,dorsal right,Hand_0002725.jpg,0
1024,22,male,medium,0,0,dorsal right,Hand_0002726.jpg,0
1024,22,male,medium,0,0,dorsal right,Hand_0002727.jpg,0
1024,22,male,medium,0,0,dorsal right,Hand_0002729.jpg,0
1024,22,male,medium,0,0,dorsal right,Hand_0002730.jpg,0
1024,22,male,medium,0,0,dorsal right,Hand_0002731.jpg,0
1024,22,male,medium,0,0,dorsal right,Hand_0002732.jpg,0
1024,22,male,medium,0,0,dorsal right,Hand_0002734.jpg,0
1024,22,male,medium,0,0,dorsal right,Hand_0002735.jpg,0
1024,22,male,medium,0,0,dorsal right,Hand_0002736.jpg,0
1024,22,male,medium,0,0,dorsal right,Hand_0002737.jpg,0
1024,22,male,medium,0,0,dorsal right,Hand_0002738.jpg,0
1024,22,male,medium,0,0,dorsal right,Hand_0002739.jpg,0
1024,22,male,medium,0,0,dorsal right,Hand_0002740.jpg,0
1024,22,male,medium,0,0,dorsal right,Hand_0002741.jpg,0
1024,22,male,medium,0,0,dorsal right,Hand_0002742.jpg,0
1024,22,male,medium,0,0,dorsal right,Hand_0002743.jpg,0
1024,22,male,medium,0,0,dorsal right,Hand_0002744.jpg,0
1024,22,male,medium,0,0,dorsal left,Hand_0002779.jpg,0
1024,22,male,medium,0,0,dorsal left,Hand_0002780.jpg,0
1024,22,male,medium,0,0,dorsal left,Hand_0002781.jpg,0
1024,22,male,medium,0,0,dorsal left,Hand_0002782.jpg,0
1024,22,male,medium,0,0,dorsal left,Hand_0002783.jpg,0
1024,22,male,medium,0,0,dorsal left,Hand_0002784.jpg,0
1024,22,male,medium,0,0,dorsal left,Hand_0002787.jpg,0
1024,22,male,medium,0,0,dorsal left,Hand_0002788.jpg,0
1024,22,male,medium,0,0,dorsal left,Hand_0002789.jpg,0
1024,22,male,medium,0,0,dorsal left,Hand_0002790.jpg,0
1024,22,male,medium,0,0,dorsal left,Hand_0002791.jpg,0
1024,22,male,medium,0,0,dorsal left,Hand_0002792.jpg,0
1024,22,male,medium,0,0,dorsal left,Hand_0002793.jpg,0
1024,22,male,medium,0,0,dorsal left,Hand_0002794.jpg,0
1024,22,male,medium,0,0,dorsal left,Hand_0002795.jpg,0
1024,22,male,medium,0,0,dorsal left,Hand_0002796.jpg,0
1024,22,male,medium,0,0,dorsal left,Hand_0002797.jpg,0
1024,22,male,medium,0,0,dorsal left,Hand_0002798.jpg,0
1024,22,male,medium,0,0,dorsal left,Hand_0002801.jpg,0
1024,22,male,medium,0,0,dorsal left,Hand_0002802.jpg,0
1024,22,male,medium,0,0,dorsal left,Hand_0002803.jpg,0
1024,22,male,medium,0,0,dorsal left,Hand_0002804.jpg,0
1505,21,female,medium,1,0,dorsal left,Hand_0002959.jpg,0
1505,21,female,medium,1,0,dorsal left,Hand_0002963.jpg,0
1505,21,female,medium,1,0,dorsal left,Hand_0002964.jpg,0
1505,21,female,medium,1,0,dorsal right,Hand_0002974.jpg,0
1505,21,female,medium,1,0,dorsal right,Hand_0002976.jpg,0
1505,21,female,medium,1,0,dorsal right,Hand_0002977.jpg,0
1505,21,female,medium,1,0,dorsal right,Hand_0002981.jpg,0
1505,21,female,medium,1,0,dorsal right,Hand_0002982.jpg,0
1505,21,female,medium,1,0,dorsal right,Hand_0002984.jpg,0
1002,54,male,medium,0,0,dorsal right,Hand_0003094.jpg,0
1002,54,male,medium,0,0,dorsal right,Hand_0003096.jpg,0
1002,54,male,medium,0,0,dorsal right,Hand_0003097.jpg,0
1002,54,male,medium,0,0,dorsal right,Hand_0003098.jpg,0
1002,54,male,medium,0,0,dorsal left,Hand_0003115.jpg,0
1002,54,male,medium,0,0,dorsal left,Hand_0003119.jpg,0
1002,54,male,medium,0,0,dorsal left,Hand_0003120.jpg,0
1002,54,male,medium,0,0,dorsal left,Hand_0003122.jpg,0
1002,54,male,medium,0,0,dorsal left,Hand_0003126.jpg,0
1002,54,male,medium,0,0,dorsal left,Hand_0003128.jpg,0
1002,54,male,medium,0,0,dorsal left,Hand_0003129.jpg,0
1002,54,male,medium,0,0,dorsal left,Hand_0003130.jpg,0
1002,54,male,medium,0,0,dorsal left,Hand_0003131.jpg,0
1569,21,female,medium,1,0,dorsal left,Hand_0003651.jpg,0
1569,21,female,medium,1,0,dorsal left,Hand_0003673.jpg,0
1569,21,female,medium,1,0,dorsal left,Hand_0003676.jpg,0
1569,21,female,medium,1,0,dorsal left,Hand_0003678.jpg,0
1569,21,female,medium,1,0,dorsal left,Hand_0003679.jpg,0
1569,21,female,medium,1,0,dorsal left,Hand_0003680.jpg,0
1569,21,female,medium,0,0,dorsal right,Hand_0003693.jpg,0
1569,21,female,medium,0,0,dorsal right,Hand_0003696.jpg,0
1569,21,female,medium,0,0,dorsal right,Hand_0003697.jpg,0
1569,21,female,medium,0,0,dorsal right,Hand_0003698.jpg,0
1569,21,female,medium,0,0,dorsal right,Hand_0003700.jpg,0
1569,21,female,medium,0,0,dorsal right,Hand_0003701.jpg,0
1569,21,female,medium,0,0,dorsal right,Hand_0003702.jpg,0
1569,21,female,medium,0,0,dorsal right,Hand_0003703.jpg,0
1569,21,female,medium,0,0,dorsal right,Hand_0003704.jpg,0
25,20,female,dark,1,0,dorsal right,Hand_0005244.jpg,0
25,20,female,dark,1,0,dorsal right,Hand_0005245.jpg,0
25,20,female,dark,1,0,dorsal right,Hand_0005249.jpg,0
25,20,female,dark,1,0,dorsal right,Hand_0005250.jpg,0
25,20,female,dark,1,0,dorsal right,Hand_0005251.jpg,0
25,20,female,dark,1,0,dorsal right,Hand_0005252.jpg,0
25,20,female,dark,1,0,dorsal right,Hand_0005254.jpg,0
25,20,female,dark,1,0,dorsal right,Hand_0005257.jpg,0
25,20,female,dark,1,0,dorsal right,Hand_0005258.jpg,0
25,20,female,dark,1,0,dorsal right,Hand_0005259.jpg,0
25,20,female,dark,0,0,dorsal left,Hand_0005271.jpg,0
25,20,female,dark,0,0,dorsal left,Hand_0005272.jpg,0
25,20,female,dark,0,0,dorsal left,Hand_0005273.jpg,0
25,20,female,dark,0,0,dorsal left,Hand_0005275.jpg,0
25,20,female,dark,0,0,dorsal left,Hand_0005276.jpg,0
25,20,female,dark,0,0,dorsal left,Hand_0005278.jpg,0
25,20,female,dark,0,0,dorsal left,Hand_0005279.jpg,0
25,20,female,dark,0,0,dorsal left,Hand_0005280.jpg,0
25,20,female,dark,0,0,dorsal left,Hand_0005281.jpg,0
25,20,female,dark,0,0,dorsal left,Hand_0005282.jpg,0
25,20,female,dark,0,0,dorsal left,Hand_0005284.jpg,0
25,20,female,dark,0,0,dorsal left,Hand_0005285.jpg,0
1042,21,female,medium,1,1,dorsal right,Hand_0005362.jpg,0
1042,21,female,medium,1,1,dorsal right,Hand_0005363.jpg,0
1042,21,female,medium,1,1,dorsal right,Hand_0005364.jpg,0
1042,21,female,medium,1,1,dorsal right,Hand_0005366.jpg,0
1042,21,female,medium,1,1,dorsal right,Hand_0005368.jpg,0
1042,21,female,medium,1,1,dorsal right,Hand_0005369.jpg,0
1042,21,female,medium,1,1,dorsal right,Hand_0005370.jpg,0
1042,21,female,medium,1,1,dorsal right,Hand_0005371.jpg,0
1042,21,female,medium,1,1,dorsal right,Hand_0005372.jpg,0
1042,21,female,medium,1,1,dorsal right,Hand_0005373.jpg,0
1042,21,female,medium,0,1,dorsal left,Hand_0005392.jpg,0
1042,21,female,medium,0,1,dorsal left,Hand_0005394.jpg,0
1042,21,female,medium,0,1,dorsal left,Hand_0005395.jpg,0
1042,21,female,medium,0,1,dorsal left,Hand_0005398.jpg,0
1042,21,female,medium,0,1,dorsal left,Hand_0005399.jpg,0
1042,21,female,medium,0,1,dorsal left,Hand_0005401.jpg,0
1042,21,female,medium,0,1,dorsal left,Hand_0005404.jpg,0
1042,21,female,medium,0,1,dorsal left,Hand_0005405.jpg,0
1042,21,female,medium,0,1,dorsal left,Hand_0005407.jpg,0
1042,21,female,medium,0,1,dorsal left,Hand_0005408.jpg,0
1061,20,female,fair,1,1,dorsal right,Hand_0005427.jpg,0
1061,20,female,fair,1,1,dorsal right,Hand_0005428.jpg,0
1061,20,female,fair,1,1,dorsal right,Hand_0005429.jpg,0
1061,20,female,fair,1,1,dorsal right,Hand_0005432.jpg,0
1061,20,female,fair,1,1,dorsal right,Hand_0005433.jpg,0
1061,20,female,fair,1,1,dorsal right,Hand_0005434.jpg,0
1061,20,female,fair,1,1,dorsal right,Hand_0005437.jpg,0
1061,20,female,fair,1,1,dorsal right,Hand_0005439.jpg,0
1061,20,female,fair,1,1,dorsal left,Hand_0005453.jpg,0
1061,20,female,fair,1,1,dorsal left,Hand_0005454.jpg,0
1061,20,female,fair,1,1,dorsal left,Hand_0005457.jpg,0
1061,20,female,fair,1,1,dorsal left,Hand_0005458.jpg,0
1061,20,female,fair,1,1,dorsal left,Hand_0005459.jpg,0
1061,20,female,fair,1,1,dorsal left,Hand_0005460.jpg,0
1061,20,female,fair,1,1,dorsal left,Hand_0005461.jpg,0
1061,20,female,fair,1,1,dorsal left,Hand_0005462.jpg,0
1061,20,female,fair,1,1,dorsal left,Hand_0005463.jpg,0
1061,20,female,fair,1,1,dorsal left,Hand_0005464.jpg,0
1061,20,female,fair,1,1,dorsal left,Hand_0005466.jpg,0
1061,20,female,fair,1,1,dorsal left,Hand_0005467.jpg,0
1061,20,female,fair,1,1,dorsal left,Hand_0005468.jpg,0
1061,20,female,fair,1,1,dorsal left,Hand_0005469.jpg,0
1061,20,female,fair,1,1,dorsal left,Hand_0005470.jpg,0
576,21,female,medium,0,0,dorsal right,Hand_0005483.jpg,0
576,21,female,medium,0,0,dorsal right,Hand_0005485.jpg,0
576,21,female,medium,0,0,dorsal right,Hand_0005486.jpg,0
576,21,female,medium,0,0,dorsal right,Hand_0005490.jpg,0
576,21,female,medium,0,0,dorsal right,Hand_0005491.jpg,0
576,21,female,medium,0,0,dorsal right,Hand_0005492.jpg,0
576,21,female,medium,0,0,dorsal right,Hand_0005493.jpg,0
576,21,female,medium,0,0,dorsal right,Hand_0005494.jpg,0
576,21,female,medium,0,0,dorsal right,Hand_0005495.jpg,0
576,21,female,medium,0,0,dorsal right,Hand_0005496.jpg,0
576,21,female,medium,0,0,dorsal right,Hand_0005497.jpg,0
576,21,female,medium,0,0,dorsal right,Hand_0005498.jpg,0
576,21,female,medium,0,0,dorsal left,Hand_0005515.jpg,0
576,21,female,medium,0,0,dorsal left,Hand_0005516.jpg,0
576,21,female,medium,0,0,dorsal left,Hand_0005519.jpg,0
576,21,female,medium,0,0,dorsal left,Hand_0005521.jpg,0
576,21,female,medium,0,0,dorsal left,Hand_0005522.jpg,0
576,21,female,medium,0,0,dorsal left,Hand_0005523.jpg,0
1553,23,female,fair,1,1,dorsal left,Hand_0006409.jpg,0
1553,23,female,fair,1,1,dorsal left,Hand_0006411.jpg,0
1553,23,female,fair,1,1,dorsal left,Hand_0006412.jpg,0
1553,23,female,fair,1,1,dorsal left,Hand_0006413.jpg,0
1553,23,female,fair,1,1,dorsal left,Hand_0006414.jpg,0
1553,23,female,fair,1,1,dorsal left,Hand_0006416.jpg,0
1553,23,female,fair,1,1,dorsal left,Hand_0006417.jpg,0
1553,23,female,fair,1,1,dorsal left,Hand_0006419.jpg,0
1553,23,female,fair,1,1,dorsal left,Hand_0006420.jpg,0
1553,23,female,fair,1,1,dorsal left,Hand_0006421.jpg,0
1553,23,female,fair,1,1,dorsal left,Hand_0006422.jpg,0
1553,23,female,fair,1,1,dorsal left,Hand_0006423.jpg,0
1553,23,female,fair,1,1,dorsal left,Hand_0006426.jpg,0
1553,23,female,fair,1,1,dorsal left,Hand_0006427.jpg,0
1553,23,female,fair,1,1,dorsal left,Hand_0006428.jpg,0
1553,23,female,fair,1,1,dorsal left,Hand_0006430.jpg,0
1553,23,female,fair,1,1,dorsal left,Hand_0006431.jpg,0
1553,23,female,fair,1,1,dorsal left,Hand_0006432.jpg,0
1553,23,female,fair,1,1,dorsal left,Hand_0006434.jpg,0
1553,23,female,fair,1,1,dorsal left,Hand_0006437.jpg,0
1553,23,female,fair,1,1,dorsal left,Hand_0006439.jpg,0
1553,23,female,fair,1,1,dorsal left,Hand_0006440.jpg,0
1553,23,female,fair,1,1,dorsal left,Hand_0006441.jpg,0
1553,23,female,fair,1,1,dorsal left,Hand_0006442.jpg,0
1553,23,female,fair,1,1,dorsal left,Hand_0006443.jpg,0
1553,23,female,fair,1,1,dorsal left,Hand_0006444.jpg,0
1553,23,female,fair,1,1,dorsal right,Hand_0006457.jpg,0
1553,23,female,fair,1,1,dorsal right,Hand_0006458.jpg,0
1553,23,female,fair,1,1,dorsal right,Hand_0006459.jpg,0
1553,23,female,fair,1,1,dorsal right,Hand_0006460.jpg,0
1553,23,female,fair,1,1,dorsal right,Hand_0006461.jpg,0
1553,23,female,fair,1,1,dorsal right,Hand_0006463.jpg,0
1553,23,female,fair,1,1,dorsal right,Hand_0006464.jpg,0
1553,23,female,fair,1,1,dorsal right,Hand_0006465.jpg,0
1058,22,female,medium,1,1,dorsal left,Hand_0006475.jpg,0
1058,22,female,medium,1,1,dorsal left,Hand_0006476.jpg,0
1058,22,female,medium,1,1,dorsal left,Hand_0006478.jpg,0
1058,22,female,medium,1,1,dorsal left,Hand_0006481.jpg,0
1058,22,female,medium,1,1,dorsal left,Hand_0006482.jpg,0
1058,22,female,medium,1,1,dorsal left,Hand_0006484.jpg,0
1058,22,female,medium,1,1,dorsal left,Hand_0006486.jpg,0
1058,22,female,medium,0,1,dorsal right,Hand_0006503.jpg,0
1058,22,female,medium,0,1,dorsal right,Hand_0006504.jpg,0
1058,22,female,medium,0,1,dorsal right,Hand_0006505.jpg,0
1058,22,female,medium,0,1,dorsal right,Hand_0006507.jpg,0
1058,22,female,medium,0,1,dorsal right,Hand_0006508.jpg,0
1058,22,female,medium,0,1,dorsal right,Hand_0006509.jpg,0
1058,22,female,medium,0,1,dorsal right,Hand_0006511.jpg,0
1058,22,female,medium,0,1,dorsal right,Hand_0006512.jpg,0
1058,22,female,medium,0,1,dorsal right,Hand_0006514.jpg,0
1058,22,female,medium,0,1,dorsal right,Hand_0006515.jpg,0
1058,22,female,medium,0,1,dorsal right,Hand_0006518.jpg,0
1556,22,female,medium,1,0,dorsal right,Hand_0006630.jpg,0
1556,22,female,medium,1,0,dorsal right,Hand_0006632.jpg,0
1556,22,female,medium,1,0,dorsal right,Hand_0006633.jpg,0
1556,22,female,medium,1,0,dorsal right,Hand_0006635.jpg,0
1556,22,female,medium,1,0,dorsal right,Hand_0006638.jpg,0
1556,22,female,medium,1,0,dorsal right,Hand_0006639.jpg,0
1556,22,female,medium,1,0,dorsal right,Hand_0006640.jpg,0
1556,22,female,medium,1,0,dorsal right,Hand_0006641.jpg,0
1556,22,female,medium,1,0,dorsal right,Hand_0006642.jpg,0
1556,22,female,medium,1,0,dorsal right,Hand_0006643.jpg,0
1556,22,female,medium,1,0,dorsal right,Hand_0006644.jpg,0
1556,22,female,medium,1,0,dorsal right,Hand_0006647.jpg,0
1556,22,female,medium,1,0,dorsal right,Hand_0006648.jpg,0
1556,22,female,medium,1,0,dorsal right,Hand_0006649.jpg,0
1556,22,female,medium,1,0,dorsal right,Hand_0006650.jpg,0
1556,22,female,medium,1,0,dorsal right,Hand_0006651.jpg,0
1556,22,female,medium,1,0,dorsal left,Hand_0006666.jpg,0
1556,22,female,medium,1,0,dorsal left,Hand_0006667.jpg,0
1556,22,female,medium,1,0,dorsal left,Hand_0006668.jpg,0
1556,22,female,medium,1,0,dorsal left,Hand_0006669.jpg,0
1556,22,female,medium,1,0,dorsal left,Hand_0006670.jpg,0
1556,22,female,medium,1,0,dorsal left,Hand_0006671.jpg,0
1556,22,female,medium,1,0,dorsal left,Hand_0006673.jpg,0
1556,22,female,medium,1,0,dorsal left,Hand_0006674.jpg,0
1556,22,female,medium,1,0,dorsal left,Hand_0006677.jpg,0
1556,22,female,medium,1,0,dorsal left,Hand_0006678.jpg,0
1556,22,female,medium,1,0,dorsal left,Hand_0006679.jpg,0
1556,22,female,medium,1,0,dorsal left,Hand_0006680.jpg,0
1556,22,female,medium,1,0,dorsal left,Hand_0006681.jpg,0
1556,22,female,medium,1,0,dorsal left,Hand_0006682.jpg,0
1556,22,female,medium,1,0,dorsal left,Hand_0006683.jpg,0
1556,22,female,medium,1,0,dorsal left,Hand_0006684.jpg,0
1556,22,female,medium,1,0,dorsal left,Hand_0006685.jpg,0
1556,22,female,medium,1,0,dorsal left,Hand_0006686.jpg,0
1556,22,female,medium,1,0,dorsal left,Hand_0006687.jpg,0
1556,22,female,medium,1,0,dorsal left,Hand_0006688.jpg,0
1556,22,female,medium,1,0,dorsal left,Hand_0006689.jpg,0
1556,22,female,medium,1,0,dorsal left,Hand_0006692.jpg,0
1556,22,female,medium,1,0,dorsal left,Hand_0006693.jpg,0
1556,22,female,medium,1,0,dorsal left,Hand_0006694.jpg,0
1556,22,female,medium,1,0,dorsal left,Hand_0006695.jpg,0
1556,22,female,medium,1,0,dorsal left,Hand_0006696.jpg,0
534,22,female,very fair,0,0,dorsal right,Hand_0007189.jpg,0
534,22,female,very fair,0,0,dorsal right,Hand_0007193.jpg,0
534,22,female,very fair,0,0,dorsal right,Hand_0007194.jpg,0
534,22,female,very fair,0,0,dorsal right,Hand_0007195.jpg,0
534,22,female,very fair,0,0,dorsal right,Hand_0007196.jpg,0
534,22,female,very fair,0,0,dorsal right,Hand_0007197.jpg,0
534,22,female,very fair,1,0,dorsal left,Hand_0007217.jpg,0
534,22,female,very fair,1,0,dorsal left,Hand_0007221.jpg,0
534,22,female,very fair,1,0,dorsal left,Hand_0007228.jpg,0
534,22,female,very fair,1,0,dorsal left,Hand_0007229.jpg,0
534,22,female,very fair,1,0,dorsal left,Hand_0007231.jpg,0
534,22,female,very fair,1,0,dorsal left,Hand_0007232.jpg,0
534,22,female,very fair,1,0,dorsal left,Hand_0007233.jpg,0
534,22,female,very fair,1,0,dorsal left,Hand_0007234.jpg,0
534,22,female,very fair,1,0,dorsal left,Hand_0007235.jpg,0
534,22,female,very fair,1,0,dorsal left,Hand_0007236.jpg,0
534,22,female,very fair,1,0,dorsal left,Hand_0007237.jpg,0
534,22,female,very fair,1,0,dorsal left,Hand_0007239.jpg,0
534,22,female,very fair,1,0,dorsal left,Hand_0007241.jpg,0
534,22,female,very fair,1,0,dorsal left,Hand_0007242.jpg,0
534,22,female,very fair,1,0,dorsal left,Hand_0007243.jpg,0
534,22,female,very fair,1,0,dorsal left,Hand_0007244.jpg,0
534,22,female,very fair,1,0,dorsal left,Hand_0007245.jpg,0
1562,23,female,fair,0,0,dorsal left,Hand_0007261.jpg,0
1562,23,female,fair,0,0,dorsal left,Hand_0007262.jpg,0
1562,23,female,fair,0,0,dorsal left,Hand_0007265.jpg,0
1562,23,female,fair,0,0,dorsal left,Hand_0007266.jpg,0
1562,23,female,fair,0,0,dorsal left,Hand_0007268.jpg,0
1562,23,female,fair,0,0,dorsal left,Hand_0007269.jpg,0
1562,23,female,fair,0,0,dorsal left,Hand_0007270.jpg,0
1562,23,female,fair,0,0,dorsal left,Hand_0007271.jpg,0
1562,23,female,fair,0,0,dorsal left,Hand_0007272.jpg,0
1562,23,female,fair,0,0,dorsal left,Hand_0007273.jpg,0
1562,23,female,fair,0,0,dorsal left,Hand_0007274.jpg,0
1562,23,female,fair,0,0,dorsal left,Hand_0007275.jpg,0
1562,23,female,fair,0,0,dorsal left,Hand_0007277.jpg,0
1562,23,female,fair,0,0,dorsal left,Hand_0007278.jpg,0
1562,23,female,fair,0,0,dorsal left,Hand_0007279.jpg,0
1562,23,female,fair,0,0,dorsal left,Hand_0007280.jpg,0
1562,23,female,fair,1,0,dorsal right,Hand_0007292.jpg,0
1562,23,female,fair,1,0,dorsal right,Hand_0007293.jpg,0
1562,23,female,fair,1,0,dorsal right,Hand_0007295.jpg,0
1562,23,female,fair,1,0,dorsal right,Hand_0007296.jpg,0
1562,23,female,fair,1,0,dorsal right,Hand_0007297.jpg,0
1562,23,female,fair,1,0,dorsal right,Hand_0007298.jpg,0
1562,23,female,fair,1,0,dorsal right,Hand_0007299.jpg,0
1562,23,female,fair,1,0,dorsal right,Hand_0007300.jpg,0
1562,23,female,fair,1,0,dorsal right,Hand_0007301.jpg,0
1562,23,female,fair,1,0,dorsal right,Hand_0007303.jpg,0
1562,23,female,fair,1,0,dorsal right,Hand_0007304.jpg,0
1562,23,female,fair,1,0,dorsal right,Hand_0007306.jpg,0
1562,23,female,fair,1,0,dorsal right,Hand_0007308.jpg,0
1562,23,female,fair,1,0,dorsal right,Hand_0007310.jpg,0
1562,23,female,fair,1,0,dorsal right,Hand_0007311.jpg,0
1562,23,female,fair,1,0,dorsal right,Hand_0007312.jpg,0
1562,23,female,fair,1,0,dorsal right,Hand_0007313.jpg,0
1504,20,male,medium,0,0,dorsal left,Hand_0007452.jpg,0
1504,20,male,medium,0,0,dorsal left,Hand_0007455.jpg,0
1504,20,male,medium,0,0,dorsal left,Hand_0007457.jpg,0
1504,20,male,medium,0,0,dorsal left,Hand_0007458.jpg,0
1504,20,male,medium,0,0,dorsal left,Hand_0007459.jpg,0
1504,20,male,medium,0,0,dorsal left,Hand_0007460.jpg,0
1504,20,male,medium,0,0,dorsal left,Hand_0007462.jpg,0
1504,20,male,medium,0,0,dorsal left,Hand_0007463.jpg,0
1504,20,male,medium,0,0,dorsal right,Hand_0007482.jpg,0
1504,20,male,medium,0,0,dorsal right,Hand_0007483.jpg,0
1504,20,male,medium,0,0,dorsal right,Hand_0007485.jpg,0
1504,20,male,medium,0,0,dorsal right,Hand_0007486.jpg,0
1504,20,male,medium,0,0,dorsal right,Hand_0007487.jpg,0
1504,20,male,medium,0,0,dorsal right,Hand_0007490.jpg,0
1504,20,male,medium,0,0,dorsal right,Hand_0007491.jpg,0
1504,20,male,medium,0,0,dorsal right,Hand_0007492.jpg,0
1516,20,male,fair,0,0,dorsal right,Hand_0007723.jpg,0
1516,20,male,fair,0,0,dorsal right,Hand_0007725.jpg,0
1516,20,male,fair,0,0,dorsal right,Hand_0007726.jpg,0
1516,20,male,fair,0,0,dorsal right,Hand_0007727.jpg,0
1516,20,male,fair,0,0,dorsal right,Hand_0007728.jpg,0
1516,20,male,fair,0,0,dorsal right,Hand_0007729.jpg,0
1516,20,male,fair,0,0,dorsal right,Hand_0007730.jpg,0
1516,20,male,fair,0,0,dorsal right,Hand_0007731.jpg,0
1516,20,male,fair,0,0,dorsal right,Hand_0007733.jpg,0
1516,20,male,fair,0,0,dorsal right,Hand_0007734.jpg,0
1516,20,male,fair,0,0,dorsal right,Hand_0007735.jpg,0
1516,20,male,fair,0,0,dorsal right,Hand_0007736.jpg,0
1516,20,male,fair,0,0,dorsal right,Hand_0007738.jpg,0
1516,20,male,fair,0,0,dorsal right,Hand_0007739.jpg,0
1516,20,male,fair,0,0,dorsal right,Hand_0007740.jpg,0
1516,20,male,fair,0,0,dorsal right,Hand_0007741.jpg,0
1516,20,male,fair,0,0,dorsal right,Hand_0007742.jpg,0
1516,20,male,fair,0,0,dorsal left,Hand_0007763.jpg,0
1516,20,male,fair,0,0,dorsal left,Hand_0007765.jpg,0
1516,20,male,fair,0,0,dorsal left,Hand_0007766.jpg,0
1516,20,male,fair,0,0,dorsal left,Hand_0007767.jpg,0
1516,20,male,fair,0,0,dorsal left,Hand_0007770.jpg,0
1516,20,male,fair,0,0,dorsal left,Hand_0007771.jpg,0
1516,20,male,fair,0,0,dorsal left,Hand_0007773.jpg,0
1516,20,male,fair,0,0,dorsal left,Hand_0007775.jpg,0
1516,20,male,fair,0,0,dorsal left,Hand_0007776.jpg,0
573,21,female,fair,0,0,dorsal right,Hand_0008010.jpg,0
573,21,female,fair,0,0,dorsal right,Hand_0008011.jpg,0
573,21,female,fair,0,0,dorsal right,Hand_0008013.jpg,0
573,21,female,fair,0,0,dorsal right,Hand_0008014.jpg,0
573,21,female,fair,0,0,dorsal right,Hand_0008016.jpg,0
573,21,female,fair,0,0,dorsal right,Hand_0008017.jpg,0
573,21,female,fair,0,0,dorsal left,Hand_0008034.jpg,0
573,21,female,fair,0,0,dorsal left,Hand_0008035.jpg,0
573,21,female,fair,0,0,dorsal left,Hand_0008036.jpg,0
573,21,female,fair,0,0,dorsal left,Hand_0008039.jpg,0
573,21,female,fair,0,0,dorsal left,Hand_0008042.jpg,0
1024,22,male,medium,0,0,dorsal right,Hand_0008175.jpg,0
1024,22,male,medium,0,0,dorsal right,Hand_0008176.jpg,0
1024,22,male,medium,0,0,dorsal right,Hand_0008178.jpg,0
1024,22,male,medium,0,0,dorsal right,Hand_0008179.jpg,0
1024,22,male,medium,0,0,dorsal right,Hand_0008180.jpg,0
1024,22,male,medium,0,0,dorsal right,Hand_0008181.jpg,0
1024,22,male,medium,0,0,dorsal right,Hand_0008182.jpg,0
1024,22,male,medium,0,0,dorsal right,Hand_0008183.jpg,0
1024,22,male,medium,0,0,dorsal right,Hand_0008184.jpg,0
1024,22,male,medium,0,0,dorsal right,Hand_0008185.jpg,0
1024,22,male,medium,0,0,dorsal right,Hand_0008186.jpg,0
1024,22,male,medium,0,0,dorsal right,Hand_0008188.jpg,0
1024,22,male,medium,0,0,dorsal right,Hand_0008190.jpg,0
1024,22,male,medium,0,0,dorsal left,Hand_0008210.jpg,0
1024,22,male,medium,0,0,dorsal left,Hand_0008211.jpg,0
1024,22,male,medium,0,0,dorsal left,Hand_0008212.jpg,0
1024,22,male,medium,0,0,dorsal left,Hand_0008213.jpg,0
1024,22,male,medium,0,0,dorsal left,Hand_0008215.jpg,0
1024,22,male,medium,0,0,dorsal left,Hand_0008216.jpg,0
1024,22,male,medium,0,0,dorsal left,Hand_0008217.jpg,0
1024,22,male,medium,0,0,dorsal left,Hand_0008218.jpg,0
1024,22,male,medium,0,0,dorsal left,Hand_0008219.jpg,0
1024,22,male,medium,0,0,dorsal left,Hand_0008221.jpg,0
1024,22,male,medium,0,0,dorsal left,Hand_0008222.jpg,0
1024,22,male,medium,0,0,dorsal left,Hand_0008223.jpg,0
1024,22,male,medium,0,0,dorsal left,Hand_0008224.jpg,0
1024,22,male,medium,0,0,dorsal left,Hand_0008225.jpg,0
1024,22,male,medium,0,0,dorsal left,Hand_0008226.jpg,0
1024,22,male,medium,0,0,dorsal left,Hand_0008227.jpg,0
1014,22,female,medium,0,0,dorsal left,Hand_0008290.jpg,0
1014,22,female,medium,0,0,dorsal left,Hand_0008294.jpg,0
1014,22,female,medium,0,0,dorsal left,Hand_0008296.jpg,0
1014,22,female,medium,0,0,dorsal left,Hand_0008297.jpg,0
1014,22,female,medium,0,0,dorsal left,Hand_0008298.jpg,0
1014,22,female,medium,0,0,dorsal left,Hand_0008302.jpg,0
1014,22,female,medium,0,0,dorsal right,Hand_0008308.jpg,0
1014,22,female,medium,0,0,dorsal right,Hand_0008309.jpg,0
1014,22,female,medium,0,0,dorsal right,Hand_0008310.jpg,0
1014,22,female,medium,0,0,dorsal right,Hand_0008311.jpg,0
1014,22,female,medium,0,0,dorsal right,Hand_0008312.jpg,0
1014,22,female,medium,0,0,dorsal right,Hand_0008314.jpg,0
1014,22,female,medium,0,0,dorsal right,Hand_0008315.jpg,0
1014,22,female,medium,0,0,dorsal right,Hand_0008316.jpg,0
1014,22,female,medium,0,0,dorsal right,Hand_0008317.jpg,0
1014,22,female,medium,0,0,dorsal right,Hand_0008318.jpg,0
1014,22,female,medium,0,0,dorsal right,Hand_0008321.jpg,0
1014,22,female,medium,0,0,dorsal right,Hand_0008322.jpg,0
581,21,female,fair,1,0,dorsal right,Hand_0008632.jpg,0
581,21,female,fair,1,0,dorsal right,Hand_0008633.jpg,0
581,21,female,fair,1,0,dorsal right,Hand_0008635.jpg,0
581,21,female,fair,1,0,dorsal right,Hand_0008638.jpg,0
581,21,female,fair,0,0,dorsal left,Hand_0008669.jpg,0
581,21,female,fair,0,0,dorsal left,Hand_0008670.jpg,0
581,21,female,fair,0,0,dorsal left,Hand_0008673.jpg,0
581,21,female,fair,0,0,dorsal left,Hand_0008674.jpg,0
502,20,female,fair,1,0,dorsal right,Hand_0008790.jpg,0
502,20,female,fair,1,0,dorsal right,Hand_0008791.jpg,0
502,20,female,fair,1,0,dorsal right,Hand_0008792.jpg,0
502,20,female,fair,1,0,dorsal right,Hand_0008793.jpg,0
502,20,female,fair,1,0,dorsal right,Hand_0008794.jpg,0
502,20,female,fair,1,0,dorsal right,Hand_0008797.jpg,0
502,20,female,fair,1,0,dorsal right,Hand_0008800.jpg,0
502,20,female,fair,1,0,dorsal right,Hand_0008802.jpg,0
502,20,female,fair,0,0,dorsal left,Hand_0008823.jpg,0
502,20,female,fair,0,0,dorsal left,Hand_0008824.jpg,0
502,20,female,fair,0,0,dorsal left,Hand_0008827.jpg,0
502,20,female,fair,0,0,dorsal left,Hand_0008828.jpg,0
502,20,female,fair,0,0,dorsal left,Hand_0008830.jpg,0
502,20,female,fair,0,0,dorsal left,Hand_0008831.jpg,0
502,20,female,fair,0,0,dorsal left,Hand_0008833.jpg,0
502,20,female,fair,0,0,dorsal left,Hand_0008834.jpg,0
502,20,female,fair,0,0,dorsal left,Hand_0008837.jpg,0
1043,21,male,fair,0,0,dorsal right,Hand_0009140.jpg,0
1043,21,male,fair,0,0,dorsal right,Hand_0009141.jpg,0
1043,21,male,fair,0,0,dorsal right,Hand_0009143.jpg,0
1043,21,male,fair,0,0,dorsal right,Hand_0009145.jpg,0
1043,21,male,fair,0,0,dorsal right,Hand_0009146.jpg,0
1043,21,male,fair,0,0,dorsal right,Hand_0009148.jpg,0
1043,21,male,fair,0,0,dorsal left,Hand_0009163.jpg,0
1043,21,male,fair,0,0,dorsal left,Hand_0009165.jpg,0
1043,21,male,fair,0,0,dorsal left,Hand_0009166.jpg,0
1043,21,male,fair,0,0,dorsal left,Hand_0009167.jpg,0
1043,21,male,fair,0,0,dorsal left,Hand_0009168.jpg,0
1043,21,male,fair,0,0,dorsal left,Hand_0009169.jpg,0
1043,21,male,fair,0,0,dorsal left,Hand_0009170.jpg,0
1000000,70,male,dark,0,0,dorsal right,Hand_0009310.jpg,1
1000000,70,male,dark,0,0,dorsal right,Hand_0009311.jpg,1
1000000,70,male,dark,0,0,dorsal right,Hand_0009312.jpg,1
1000000,70,male,dark,0,0,dorsal right,Hand_0009313.jpg,1
1000000,70,male,dark,0,0,dorsal right,Hand_0009315.jpg,1
1000000,70,male,dark,0,0,dorsal right,Hand_0009316.jpg,1
1000000,70,male,dark,0,0,dorsal right,Hand_0009317.jpg,1
1000000,70,male,dark,0,0,dorsal right,Hand_0009318.jpg,1
1000000,70,male,dark,0,0,dorsal right,Hand_0009319.jpg,1
1000000,70,male,dark,0,0,dorsal right,Hand_0009320.jpg,1
1000000,70,male,dark,0,0,dorsal right,Hand_0009321.jpg,1
1000000,70,male,dark,0,0,dorsal right,Hand_0009322.jpg,1
1000000,70,male,dark,0,0,dorsal right,Hand_0009323.jpg,1
1000000,70,male,dark,0,0,dorsal right,Hand_0009324.jpg,1
1000000,70,male,dark,0,0,dorsal right,Hand_0009325.jpg,1
1000000,70,male,dark,0,0,dorsal right,Hand_0009327.jpg,1
1000000,70,male,dark,0,0,dorsal right,Hand_0009328.jpg,1
1000000,70,male,dark,0,0,dorsal right,Hand_0009329.jpg,1
1000000,70,male,dark,0,0,dorsal right,Hand_0009332.jpg,1
1000000,70,male,dark,0,0,dorsal left,Hand_0009352.jpg,0
1000000,70,male,dark,0,0,dorsal left,Hand_0009354.jpg,0
1000000,70,male,dark,0,0,dorsal left,Hand_0009356.jpg,0
1000000,70,male,dark,0,0,dorsal left,Hand_0009357.jpg,0
1000000,70,male,dark,0,0,dorsal left,Hand_0009373.jpg,0
1000000,70,male,dark,0,0,dorsal left,Hand_0009374.jpg,0
1000000,70,male,dark,0,0,dorsal left,Hand_0009376.jpg,0
1000000,70,male,dark,0,0,dorsal left,Hand_0009377.jpg,0
1000000,70,male,dark,0,0,dorsal left,Hand_0009378.jpg,0
1000000,70,male,dark,0,0,dorsal left,Hand_0009379.jpg,0
1000000,70,male,dark,0,0,dorsal left,Hand_0009380.jpg,0
1000000,70,male,dark,0,0,dorsal left,Hand_0009381.jpg,0
1000000,70,male,dark,0,0,dorsal left,Hand_0009382.jpg,0
1000000,70,male,dark,0,0,dorsal left,Hand_0009385.jpg,0
1000000,70,male,dark,0,0,dorsal left,Hand_0009386.jpg,0
1000000,70,male,dark,0,0,dorsal left,Hand_0009388.jpg,0
1000000,70,male,dark,0,0,dorsal left,Hand_0009389.jpg,0
3000000,19,female,very fair,0,0,dorsal right,Hand_0009494.jpg,0
3000000,19,female,very fair,0,0,dorsal right,Hand_0009495.jpg,0
3000000,19,female,very fair,0,0,dorsal right,Hand_0009496.jpg,0
3000000,19,female,very fair,0,0,dorsal right,Hand_0009497.jpg,0
3000000,19,female,very fair,0,0,dorsal right,Hand_0009498.jpg,0
3000000,19,female,very fair,0,0,dorsal right,Hand_0009499.jpg,0
3000000,19,female,very fair,0,0,dorsal right,Hand_0009501.jpg,0
3000000,19,female,very fair,0,0,dorsal right,Hand_0009502.jpg,0
3000000,19,female,very fair,0,0,dorsal right,Hand_0009503.jpg,0
3000000,19,female,very fair,0,0,dorsal right,Hand_0009504.jpg,0
3000000,19,female,very fair,1,0,dorsal left,Hand_0009511.jpg,0
3000000,19,female,very fair,1,0,dorsal left,Hand_0009512.jpg,0
3000000,19,female,very fair,1,0,dorsal left,Hand_0009514.jpg,0
3000000,19,female,very fair,1,0,dorsal left,Hand_0009516.jpg,0
3000000,19,female,very fair,1,0,dorsal left,Hand_0009517.jpg,0
3000000,19,female,very fair,1,0,dorsal left,Hand_0009518.jpg,0
3000000,19,female,very fair,1,0,dorsal left,Hand_0009519.jpg,0
3000000,19,female,very fair,1,0,dorsal left,Hand_0009520.jpg,0
3000000,19,female,very fair,1,0,dorsal left,Hand_0009523.jpg,0
3000000,19,female,very fair,1,0,dorsal left,Hand_0009527.jpg,0
3000000,19,female,very fair,1,0,dorsal left,Hand_0009528.jpg,0
3000000,19,female,very fair,1,0,dorsal left,Hand_0009529.jpg,0
3000000,19,female,very fair,1,0,dorsal left,Hand_0009531.jpg,0
3000000,19,female,very fair,1,0,dorsal left,Hand_0009532.jpg,0
3000000,19,female,very fair,1,0,dorsal left,Hand_0009533.jpg,0
6000000,21,female,fair,1,0,dorsal right,Hand_0009631.jpg,0
6000000,21,female,fair,1,0,dorsal right,Hand_0009634.jpg,0
6000000,21,female,fair,1,0,dorsal right,Hand_0009637.jpg,0
6000000,21,female,fair,0,0,dorsal left,Hand_0009652.jpg,0
6000000,21,female,fair,0,0,dorsal left,Hand_0009655.jpg,0
6000000,21,female,fair,0,0,dorsal left,Hand_0009656.jpg,0
6000000,21,female,fair,0,0,dorsal left,Hand_0009657.jpg,0
6000000,21,female,fair,0,0,dorsal left,Hand_0009658.jpg,0
7000000,24,male,fair,0,0,dorsal left,Hand_0009680.jpg,0
7000000,24,male,fair,0,0,dorsal left,Hand_0009683.jpg,0
7000000,24,male,fair,0,0,dorsal left,Hand_0009686.jpg,0
7000000,24,male,fair,0,0,dorsal left,Hand_0009687.jpg,0
7000000,24,male,fair,0,0,dorsal left,Hand_0009688.jpg,0
7000000,24,male,fair,1,0,dorsal right,Hand_0009691.jpg,0
7000000,24,male,fair,1,0,dorsal right,Hand_0009692.jpg,0
7000000,24,male,fair,1,0,dorsal right,Hand_0009693.jpg,0
7000000,24,male,fair,1,0,dorsal right,Hand_0009695.jpg,0
9000000,23,male,medium,0,0,dorsal right,Hand_0009766.jpg,0
9000000,23,male,medium,0,0,dorsal right,Hand_0009767.jpg,0
9000000,23,male,medium,0,0,dorsal right,Hand_0009769.jpg,0
9000000,23,male,medium,0,0,dorsal right,Hand_0009771.jpg,0
9000000,23,male,medium,0,0,dorsal right,Hand_0009772.jpg,0
9000000,23,male,medium,0,0,dorsal right,Hand_0009773.jpg,0
9000000,23,male,medium,0,0,dorsal right,Hand_0009774.jpg,0
9000000,23,male,medium,0,0,dorsal right,Hand_0009776.jpg,0
9000000,23,male,medium,0,0,dorsal right,Hand_0009778.jpg,0
9000000,23,male,medium,0,0,dorsal right,Hand_0009779.jpg,0
9000000,23,male,medium,0,0,dorsal left,Hand_0009798.jpg,0
9000000,23,male,medium,0,0,dorsal left,Hand_0009799.jpg,0
9000000,23,male,medium,0,0,dorsal left,Hand_0009802.jpg,0
9000000,23,male,medium,0,0,dorsal left,Hand_0009803.jpg,0
9000000,23,male,medium,0,0,dorsal left,Hand_0009806.jpg,0
9000000,23,male,medium,0,0,dorsal left,Hand_0009807.jpg,0
66,26,male,fair,0,0,dorsal right,Hand_0010016.jpg,0
66,26,male,fair,0,0,dorsal right,Hand_0010018.jpg,0
66,26,male,fair,0,0,dorsal right,Hand_0010020.jpg,0
66,26,male,fair,0,0,dorsal right,Hand_0010021.jpg,0
66,26,male,fair,0,0,dorsal right,Hand_0010024.jpg,0
66,26,male,fair,0,0,dorsal right,Hand_0010025.jpg,0
66,26,male,fair,0,0,dorsal right,Hand_0010026.jpg,0
66,26,male,fair,0,0,dorsal right,Hand_0010027.jpg,0
66,26,male,fair,0,0,dorsal right,Hand_0010028.jpg,0
66,26,male,fair,0,0,dorsal right,Hand_0010031.jpg,0
66,26,male,fair,0,0,dorsal right,Hand_0010032.jpg,0
66,26,male,fair,0,0,dorsal right,Hand_0010033.jpg,0
66,26,male,fair,0,0,dorsal left,Hand_0010056.jpg,0
66,26,male,fair,0,0,dorsal left,Hand_0010058.jpg,0
66,26,male,fair,0,0,dorsal left,Hand_0010060.jpg,0
66,26,male,fair,0,0,dorsal left,Hand_0010062.jpg,0
66,26,male,fair,0,0,dorsal left,Hand_0010063.jpg,0
1525,23,female,fair,0,0,dorsal right,Hand_0010198.jpg,0
1525,23,female,fair,0,0,dorsal right,Hand_0010199.jpg,0
1525,23,female,fair,0,0,dorsal right,Hand_0010200.jpg,0
1525,23,female,fair,0,0,dorsal right,Hand_0010202.jpg,0
1525,23,female,fair,0,0,dorsal right,Hand_0010205.jpg,0
1525,23,female,fair,0,0,dorsal left,Hand_0010229.jpg,0
1525,23,female,fair,0,0,dorsal left,Hand_0010230.jpg,0
1525,23,female,fair,0,0,dorsal left,Hand_0010232.jpg,0
1525,23,female,fair,0,0,dorsal left,Hand_0010235.jpg,0
84,22,male,fair,0,0,dorsal right,Hand_0010300.jpg,0
84,22,male,fair,0,0,dorsal right,Hand_0010301.jpg,0
84,22,male,fair,0,0,dorsal right,Hand_0010302.jpg,0
84,22,male,fair,0,0,dorsal right,Hand_0010303.jpg,0
84,22,male,fair,0,0,dorsal right,Hand_0010307.jpg,0
84,22,male,fair,0,0,dorsal right,Hand_0010308.jpg,0
84,22,male,fair,0,0,dorsal right,Hand_0010309.jpg,0
84,22,male,fair,0,0,dorsal right,Hand_0010310.jpg,0
84,22,male,fair,0,0,dorsal right,Hand_0010311.jpg,0
84,22,male,fair,0,0,dorsal right,Hand_0010312.jpg,0
84,22,male,fair,0,0,dorsal right,Hand_0010314.jpg,0
84,22,male,fair,0,0,dorsal left,Hand_0010336.jpg,0
84,22,male,fair,0,0,dorsal left,Hand_0010338.jpg,0
84,22,male,fair,0,0,dorsal left,Hand_0010339.jpg,0
84,22,male,fair,0,0,dorsal left,Hand_0010340.jpg,0
84,22,male,fair,0,0,dorsal left,Hand_0010341.jpg,0
84,22,male,fair,0,0,dorsal left,Hand_0010342.jpg,0
84,22,male,fair,0,0,dorsal left,Hand_0010343.jpg,0
84,22,male,fair,0,0,dorsal left,Hand_0010344.jpg,0
84,22,male,fair,0,0,dorsal left,Hand_0010345.jpg,0
84,22,male,fair,0,0,dorsal left,Hand_0010346.jpg,0
84,22,male,fair,0,0,dorsal left,Hand_0010348.jpg,0
84,22,male,fair,0,0,dorsal left,Hand_0010349.jpg,0
84,22,male,fair,0,0,dorsal left,Hand_0010350.jpg,0
84,22,male,fair,0,0,dorsal left,Hand_0010351.jpg,0
84,22,male,fair,0,0,dorsal left,Hand_0010352.jpg,0
84,22,male,fair,0,0,dorsal left,Hand_0010354.jpg,0
84,22,male,fair,0,0,dorsal left,Hand_0010355.jpg,0
84,22,male,fair,0,0,dorsal left,Hand_0010356.jpg,0
84,22,male,fair,0,0,dorsal left,Hand_0010358.jpg,0
84,22,male,fair,0,0,dorsal left,Hand_0010360.jpg,0
84,22,male,fair,0,0,dorsal left,Hand_0010362.jpg,0
84,22,male,fair,0,0,dorsal left,Hand_0010364.jpg,0
84,22,male,fair,0,0,dorsal left,Hand_0010365.jpg,0
84,22,male,fair,0,0,dorsal left,Hand_0010366.jpg,0
84,22,male,fair,0,0,dorsal left,Hand_0010367.jpg,0
1594,23,male,medium,0,0,dorsal right,Hand_0010396.jpg,0
1594,23,male,medium,0,0,dorsal right,Hand_0010398.jpg,0
1594,23,male,medium,0,0,dorsal right,Hand_0010400.jpg,0
1594,23,male,medium,0,0,dorsal left,Hand_0010413.jpg,0
1594,23,male,medium,0,0,dorsal left,Hand_0010414.jpg,0
1594,23,male,medium,0,0,dorsal left,Hand_0010418.jpg,0
1594,23,male,medium,0,0,dorsal left,Hand_0010420.jpg,0
1594,23,male,medium,0,0,dorsal left,Hand_0010421.jpg,0
518,23,male,medium,0,0,dorsal right,Hand_0010437.jpg,0
518,23,male,medium,0,0,dorsal right,Hand_0010442.jpg,0
518,23,male,medium,0,0,dorsal left,Hand_0010460.jpg,0
518,23,male,medium,0,0,dorsal left,Hand_0010461.jpg,0
518,23,male,medium,0,0,dorsal left,Hand_0010464.jpg,0
518,23,male,medium,0,0,dorsal left,Hand_0010466.jpg,0
571,23,male,medium,0,0,dorsal right,Hand_0010485.jpg,0
571,23,male,medium,0,0,dorsal right,Hand_0010487.jpg,0
571,23,male,medium,0,0,dorsal right,Hand_0010488.jpg,0
571,23,male,medium,0,0,dorsal right,Hand_0010489.jpg,0
571,23,male,medium,0,0,dorsal right,Hand_0010490.jpg,0
571,23,male,medium,0,0,dorsal right,Hand_0010491.jpg,0
571,23,male,medium,0,0,dorsal right,Hand_0010494.jpg,0
571,23,male,medium,0,0,dorsal left,Hand_0010517.jpg,0
571,23,male,medium,0,0,dorsal left,Hand_0010520.jpg,0
88,22,male,medium,0,0,dorsal right,Hand_0010570.jpg,0
88,22,male,medium,0,0,dorsal right,Hand_0010572.jpg,0
88,22,male,medium,0,0,dorsal right,Hand_0010573.jpg,0
88,22,male,medium,0,0,dorsal left,Hand_0010587.jpg,0
88,22,male,medium,0,0,dorsal left,Hand_0010588.jpg,0
88,22,male,medium,0,0,dorsal left,Hand_0010592.jpg,0
1090,22,male,fair,0,0,dorsal right,Hand_0010700.jpg,0
1090,22,male,fair,0,0,dorsal right,Hand_0010701.jpg,0
1090,22,male,fair,0,0,dorsal right,Hand_0010702.jpg,0
1090,22,male,fair,1,0,dorsal right,Hand_0010704.jpg,0
1090,22,male,fair,1,0,dorsal right,Hand_0010705.jpg,0
1090,22,male,fair,1,0,dorsal right,Hand_0010707.jpg,0
1090,22,male,fair,1,0,dorsal right,Hand_0010708.jpg,0
1090,22,male,fair,1,0,dorsal right,Hand_0010709.jpg,0
1090,22,male,fair,1,0,dorsal right,Hand_0010711.jpg,0
1090,22,male,fair,1,0,dorsal right,Hand_0010712.jpg,0
1090,22,male,fair,1,0,dorsal right,Hand_0010714.jpg,0
1090,22,male,fair,1,0,dorsal right,Hand_0010716.jpg,0
1090,22,male,fair,1,0,dorsal right,Hand_0010717.jpg,0
1090,22,male,fair,1,0,dorsal right,Hand_0010718.jpg,0
1090,22,male,fair,1,0,dorsal right,Hand_0010719.jpg,0
1090,22,male,fair,1,0,dorsal right,Hand_0010721.jpg,0
1090,22,male,fair,1,0,dorsal left,Hand_0010740.jpg,0
1090,22,male,fair,1,0,dorsal left,Hand_0010741.jpg,0
1090,22,male,fair,1,0,dorsal left,Hand_0010742.jpg,0
1090,22,male,fair,1,0,dorsal left,Hand_0010743.jpg,0
1090,22,male,fair,1,0,dorsal left,Hand_0010745.jpg,0
1090,22,male,fair,1,0,dorsal left,Hand_0010746.jpg,0
1090,22,male,fair,1,0,dorsal left,Hand_0010747.jpg,0
1090,22,male,fair,1,0,dorsal left,Hand_0010748.jpg,0
1090,22,male,fair,1,0,dorsal left,Hand_0010749.jpg,0
1090,22,male,fair,1,0,dorsal left,Hand_0010750.jpg,0
1090,22,male,fair,1,0,dorsal left,Hand_0010751.jpg,0
1090,22,male,fair,1,0,dorsal left,Hand_0010753.jpg,0
1090,22,male,fair,1,0,dorsal left,Hand_0010754.jpg,0
1090,22,male,fair,1,0,dorsal left,Hand_0010756.jpg,0
1090,22,male,fair,1,0,dorsal left,Hand_0010757.jpg,0
1090,22,male,fair,1,0,dorsal left,Hand_0010758.jpg,0
1090,22,male,fair,1,0,dorsal left,Hand_0010759.jpg,0
1090,22,male,fair,1,0,dorsal left,Hand_0010760.jpg,0
1090,22,male,fair,0,0,dorsal right,Hand_0010776.jpg,0
1090,22,male,fair,0,0,dorsal right,Hand_0010777.jpg,0
1090,22,male,fair,0,0,dorsal right,Hand_0010778.jpg,0
1090,22,male,fair,0,0,dorsal right,Hand_0010779.jpg,0
1090,22,male,fair,0,0,dorsal right,Hand_0010780.jpg,0
1090,22,male,fair,0,0,dorsal right,Hand_0010781.jpg,0
1090,22,male,fair,0,0,dorsal right,Hand_0010782.jpg,0
1090,22,male,fair,0,0,dorsal right,Hand_0010784.jpg,0
1090,22,male,fair,0,0,dorsal right,Hand_0010785.jpg,0
1090,22,male,fair,0,0,dorsal right,Hand_0010786.jpg,0
1090,22,male,fair,0,0,dorsal right,Hand_0010787.jpg,0
1090,22,male,fair,0,0,dorsal right,Hand_0010788.jpg,0
1090,22,male,fair,0,0,dorsal right,Hand_0010789.jpg,0
1090,22,male,fair,0,0,dorsal right,Hand_0010790.jpg,0
1090,22,male,fair,0,0,dorsal right,Hand_0010791.jpg,0
1090,22,male,fair,0,0,dorsal left,Hand_0010801.jpg,0
1090,22,male,fair,0,0,dorsal left,Hand_0010802.jpg,0
1090,22,male,fair,0,0,dorsal left,Hand_0010803.jpg,0
1090,22,male,fair,0,0,dorsal left,Hand_0010804.jpg,0
1090,22,male,fair,0,0,dorsal left,Hand_0010806.jpg,0
1090,22,male,fair,0,0,dorsal left,Hand_0010807.jpg,0
1090,22,male,fair,0,0,dorsal left,Hand_0010808.jpg,0
1089,22,male,very fair,0,0,dorsal right,Hand_0010818.jpg,0
1089,22,male,very fair,0,0,dorsal right,Hand_0010819.jpg,0
1089,22,male,very fair,0,0,dorsal right,Hand_0010821.jpg,0
1089,22,male,very fair,0,0,dorsal right,Hand_0010823.jpg,0
1089,22,male,very fair,0,0,dorsal right,Hand_0010825.jpg,0
1089,22,male,very fair,0,0,dorsal right,Hand_0010827.jpg,0
1089,22,male,very fair,0,0,dorsal left,Hand_0010838.jpg,0
1089,22,male,very fair,0,0,dorsal left,Hand_0010841.jpg,0
1089,22,male,very fair,0,0,dorsal left,Hand_0010842.jpg,0
1089,22,male,very fair,0,0,dorsal left,Hand_0010843.jpg,0
1089,22,male,very fair,0,0,dorsal left,Hand_0010844.jpg,0
1089,22,male,very fair,0,0,dorsal left,Hand_0010846.jpg,0
1089,22,male,very fair,0,0,dorsal left,Hand_0010848.jpg,0
1089,22,male,very fair,0,0,dorsal left,Hand_0010849.jpg,0
1550,24,male,medium,0,0,dorsal right,Hand_0010863.jpg,0
1550,24,male,medium,0,0,dorsal right,Hand_0010865.jpg,0
1550,24,male,medium,0,0,dorsal right,Hand_0010868.jpg,0
1550,24,male,medium,0,0,dorsal right,Hand_0010870.jpg,0
1550,24,male,medium,0,0,dorsal right,Hand_0010871.jpg,0
1550,24,male,medium,0,0,dorsal right,Hand_0010872.jpg,0
1550,24,male,medium,0,0,dorsal right,Hand_0010874.jpg,0
1550,24,male,medium,0,0,dorsal right,Hand_0010875.jpg,0
1550,24,male,medium,0,0,dorsal left,Hand_0010896.jpg,0
1550,24,male,medium,0,0,dorsal left,Hand_0010897.jpg,0
1550,24,male,medium,0,0,dorsal left,Hand_0010898.jpg,0
1550,24,male,medium,0,0,dorsal left,Hand_0010902.jpg,0
1550,24,male,medium,0,0,dorsal left,Hand_0010905.jpg,0
1060,23,male,medium,0,0,dorsal right,Hand_0010958.jpg,0
1060,23,male,medium,0,0,dorsal right,Hand_0010959.jpg,0
1060,23,male,medium,0,0,dorsal right,Hand_0010961.jpg,0
1060,23,male,medium,0,0,dorsal right,Hand_0010962.jpg,0
1060,23,male,medium,0,0,dorsal right,Hand_0010963.jpg,0
1060,23,male,medium,0,0,dorsal right,Hand_0010964.jpg,0
1060,23,male,medium,0,0,dorsal right,Hand_0010967.jpg,0
1060,23,male,medium,0,0,dorsal right,Hand_0010968.jpg,0
1060,23,male,medium,0,0,dorsal right,Hand_0010969.jpg,0
1060,23,male,medium,0,0,dorsal right,Hand_0010971.jpg,0
1060,23,male,medium,0,0,dorsal right,Hand_0010972.jpg,0
1060,23,male,medium,0,0,dorsal right,Hand_0010973.jpg,0
1060,23,male,medium,0,0,dorsal left,Hand_0010998.jpg,0
1060,23,male,medium,0,0,dorsal left,Hand_0010999.jpg,0
1060,23,male,medium,0,0,dorsal left,Hand_0011000.jpg,0
1060,23,male,medium,0,0,dorsal left,Hand_0011001.jpg,0
1060,23,male,medium,0,0,dorsal left,Hand_0011003.jpg,0
1060,23,male,medium,0,0,dorsal left,Hand_0011004.jpg,0
1060,23,male,medium,0,0,dorsal left,Hand_0011005.jpg,0
1060,23,male,medium,0,0,dorsal left,Hand_0011006.jpg,0
1060,23,male,medium,0,0,dorsal left,Hand_0011007.jpg,0
1060,23,male,medium,0,0,dorsal left,Hand_0011010.jpg,0
1060,23,male,medium,0,0,dorsal left,Hand_0011011.jpg,0
1060,23,male,medium,0,0,dorsal left,Hand_0011014.jpg,0
1060,23,male,medium,0,0,dorsal left,Hand_0011015.jpg,0
1060,23,male,medium,0,0,dorsal left,Hand_0011016.jpg,0
1060,23,male,medium,0,0,dorsal left,Hand_0011017.jpg,0
1060,23,male,medium,0,0,dorsal left,Hand_0011018.jpg,0
1060,23,male,medium,0,0,dorsal left,Hand_0011019.jpg,0
1060,23,male,medium,0,0,dorsal left,Hand_0011021.jpg,0
1536,22,male,medium,0,0,dorsal right,Hand_0011227.jpg,0
1536,22,male,medium,0,0,dorsal right,Hand_0011229.jpg,0
1536,22,male,medium,0,0,dorsal right,Hand_0011231.jpg,0
1536,22,male,medium,0,0,dorsal right,Hand_0011232.jpg,0
1536,22,male,medium,0,0,dorsal right,Hand_0011236.jpg,0
1536,22,male,medium,0,0,dorsal left,Hand_0011255.jpg,0
1536,22,male,medium,0,0,dorsal left,Hand_0011256.jpg,0
1536,22,male,medium,0,0,dorsal left,Hand_0011257.jpg,0
1536,22,male,medium,0,0,dorsal left,Hand_0011259.jpg,0
1536,22,male,medium,0,0,dorsal left,Hand_0011260.jpg,0
1536,22,male,medium,0,0,dorsal left,Hand_0011261.jpg,0
1536,22,male,medium,0,0,dorsal left,Hand_0011262.jpg,0
1536,22,male,medium,0,0,dorsal left,Hand_0011263.jpg,0
1005,23,male,medium,0,0,dorsal right,Hand_0011279.jpg,0
1005,23,male,medium,0,0,dorsal right,Hand_0011281.jpg,0
1005,23,male,medium,0,0,dorsal right,Hand_0011282.jpg,0
1005,23,male,medium,0,0,dorsal right,Hand_0011284.jpg,0
1005,23,male,medium,0,0,dorsal right,Hand_0011286.jpg,0
1005,23,male,medium,0,0,dorsal right,Hand_0011287.jpg,0
1005,23,male,medium,0,0,dorsal right,Hand_0011288.jpg,0
1005,23,male,medium,0,0,dorsal right,Hand_0011290.jpg,0
1005,23,male,medium,0,0,dorsal right,Hand_0011291.jpg,0
1005,23,male,medium,0,0,dorsal right,Hand_0011294.jpg,0
1005,23,male,medium,0,0,dorsal right,Hand_0011295.jpg,0
1005,23,male,medium,0,0,dorsal right,Hand_0011296.jpg,0
1005,23,male,medium,0,0,dorsal right,Hand_0011298.jpg,0
1005,23,male,medium,0,0,dorsal left,Hand_0011311.jpg,0
1005,23,male,medium,0,0,dorsal left,Hand_0011312.jpg,0
1005,23,male,medium,0,0,dorsal left,Hand_0011313.jpg,0
1005,23,male,medium,0,0,dorsal left,Hand_0011316.jpg,0
1005,23,male,medium,0,0,dorsal left,Hand_0011317.jpg,0
1005,23,male,medium,0,0,dorsal left,Hand_0011318.jpg,0
1005,23,male,medium,0,0,dorsal left,Hand_0011319.jpg,0
1005,23,male,medium,0,0,dorsal left,Hand_0011320.jpg,0
595,21,female,medium,1,1,dorsal right,Hand_0011392.jpg,0
595,21,female,medium,1,1,dorsal right,Hand_0011395.jpg,0
595,21,female,medium,1,1,dorsal right,Hand_0011397.jpg,0
595,21,female,medium,1,1,dorsal right,Hand_0011399.jpg,0
595,21,female,medium,1,1,dorsal right,Hand_0011400.jpg,0
595,21,female,medium,1,1,dorsal right,Hand_0011402.jpg,0
595,21,female,medium,1,1,dorsal right,Hand_0011403.jpg,0
595,21,female,medium,1,1,dorsal right,Hand_0011405.jpg,0
595,21,female,medium,1,1,dorsal right,Hand_0011406.jpg,0
595,21,female,medium,0,1,dorsal left,Hand_0011420.jpg,0
595,21,female,medium,0,1,dorsal left,Hand_0011422.jpg,0
595,21,female,medium,0,1,dorsal left,Hand_0011423.jpg,0
595,21,female,medium,0,1,dorsal left,Hand_0011425.jpg,0
595,21,female,medium,0,1,dorsal left,Hand_0011426.jpg,0
595,21,female,medium,0,1,dorsal left,Hand_0011427.jpg,0
595,21,female,medium,0,1,dorsal left,Hand_0011428.jpg,0
