id,age,gender,skinColor,accessories,nailPolish,aspectOfHand,imageName,irregularities
25,20,female,dark,0,0,dorsal left,Hand_0000277.jpg,0
25,20,female,dark,1,0,dorsal right,Hand_0005260.jpg,0
25,20,female,dark,1,0,dorsal right,Hand_0005253.jpg,0
25,20,female,dark,0,0,dorsal left,Hand_0000272.jpg,0
25,20,female,dark,1,0,dorsal right,Hand_0005255.jpg,0
25,20,female,dark,0,0,dorsal left,Hand_0005274.jpg,0
25,20,female,dark,1,0,dorsal right,Hand_0005256.jpg,0
25,20,female,dark,0,0,dorsal left,Hand_0005283.jpg,0
25,20,female,dark,1,0,dorsal right,Hand_0000260.jpg,0
57,26,male,dark,0,0,dorsal right,Hand_0000917.jpg,0
57,26,male,dark,1,0,dorsal right,Hand_0000901.jpg,0
57,26,male,dark,0,0,dorsal left,Hand_0000878.jpg,0
57,26,male,dark,0,0,dorsal left,Hand_0000880.jpg,0
57,26,male,dark,1,0,dorsal right,Hand_0000895.jpg,0
57,26,male,dark,1,0,dorsal right,Hand_0000899.jpg,0
57,26,male,dark,1,0,dorsal right,Hand_0000902.jpg,0
57,26,male,dark,1,0,dorsal right,Hand_0000898.jpg,0
57,26,male,dark,0,0,dorsal left,Hand_0000879.jpg,0
63,21,female,medium,1,0,dorsal right,Hand_0000559.jpg,0
63,21,female,medium,0,0,dorsal left,Hand_0000576.jpg,0
63,21,female,medium,1,0,dorsal right,Hand_0000560.jpg,0
63,21,female,medium,1,0,dorsal right,Hand_0000564.jpg,0
63,21,female,medium,1,0,dorsal right,Hand_0000561.jpg,0
63,21,female,medium,0,0,dorsal left,Hand_0000577.jpg,0
63,21,female,medium,0,0,dorsal left,Hand_0000574.jpg,0
63,21,female,medium,0,0,dorsal left,Hand_0000571.jpg,0
63,21,female,medium,1,0,dorsal right,Hand_0000562.jpg,0
64,21,female,medium,0,0,dorsal right,Hand_0001173.jpg,0
64,21,female,medium,0,0,dorsal right,Hand_0001167.jpg,0
64,21,female,medium,0,0,dorsal right,Hand_0001172.jpg,0
64,21,female,medium,0,0,dorsal left,Hand_0001190.jpg,0
64,21,female,medium,0,0,dorsal right,Hand_0001171.jpg,0
64,21,female,medium,0,0,dorsal right,Hand_0001168.jpg,0
64,21,female,medium,0,0,dorsal left,Hand_0001187.jpg,0
64,21,female,medium,0,0,dorsal left,Hand_0001185.jpg,0
64,21,female,medium,0,0,dorsal left,Hand_0001182.jpg,0
66,26,male,fair,0,0,dorsal right,Hand_0010019.jpg,0
66,26,male,fair,0,0,dorsal left,Hand_0010066.jpg,0
66,26,male,fair,0,0,dorsal left,Hand_0010065.jpg,0
66,26,male,fair,0,0,dorsal left,Hand_0010059.jpg,0
66,26,male,fair,0,0,dorsal right,Hand_0010029.jpg,0
66,26,male,fair,0,0,dorsal right,Hand_0010017.jpg,0
66,26,male,fair,0,0,dorsal left,Hand_0010064.jpg,0
66,26,male,fair,0,0,dorsal right,Hand_0010030.jpg,0
66,26,male,fair,0,0,dorsal left,Hand_0010061.jpg,0
67,22,male,medium,0,0,dorsal right,Hand_0001878.jpg,0
67,22,male,medium,0,0,dorsal right,Hand_0001872.jpg,0
67,22,male,medium,1,0,dorsal right,Hand_0001854.jpg,0
67,22,male,medium,1,0,dorsal right,Hand_0001856.jpg,0
67,22,male,medium,1,0,dorsal right,Hand_0001862.jpg,0
67,22,male,medium,0,0,dorsal left,Hand_0001840.jpg,0
67,22,male,medium,1,0,dorsal right,Hand_0001853.jpg,0
67,22,male,medium,1,0,dorsal right,Hand_0001860.jpg,0
67,22,male,medium,0,0,dorsal right,Hand_0001871.jpg,0
84,22,male,fair,0,0,dorsal right,Hand_0010306.jpg,0
84,22,male,fair,0,0,dorsal left,Hand_0010353.jpg,0
84,22,male,fair,0,0,dorsal right,Hand_0010304.jpg,0
84,22,male,fair,0,0,dorsal left,Hand_0010359.jpg,0
84,22,male,fair,0,0,dorsal left,Hand_0010357.jpg,0
84,22,male,fair,0,0,dorsal right,Hand_0010299.jpg,0
84,22,male,fair,0,0,dorsal left,Hand_0010361.jpg,0
84,22,male,fair,0,0,dorsal right,Hand_0010313.jpg,0
84,22,male,fair,0,0,dorsal left,Hand_0010363.jpg,0
86,21,female,fair,0,0,dorsal right,Hand_0002001.jpg,0
86,21,female,fair,0,0,dorsal right,Hand_0001993.jpg,0
86,21,female,fair,0,0,dorsal left,Hand_0002019.jpg,0
86,21,female,fair,0,0,dorsal right,Hand_0001987.jpg,0
86,21,female,fair,0,0,dorsal right,Hand_0001990.jpg,0
86,21,female,fair,0,0,dorsal right,Hand_0002002.jpg,0
86,21,female,fair,0,0,dorsal right,Hand_0001996.jpg,0
86,21,female,fair,0,0,dorsal right,Hand_0001999.jpg,0
86,21,female,fair,0,0,dorsal left,Hand_0002020.jpg,0
88,22,male,medium,0,0,dorsal left,Hand_0010586.jpg,0
88,22,male,medium,0,0,dorsal right,Hand_0010569.jpg,0
88,22,male,medium,0,0,dorsal right,Hand_0010571.jpg,0
88,22,male,medium,0,0,dorsal left,Hand_0010585.jpg,0
88,22,male,medium,0,0,dorsal right,Hand_0010567.jpg,0
88,22,male,medium,0,0,dorsal left,Hand_0010584.jpg,0
88,22,male,medium,0,0,dorsal left,Hand_0010589.jpg,0
88,22,male,medium,0,0,dorsal left,Hand_0010591.jpg,0
88,22,male,medium,0,0,dorsal left,Hand_0010590.jpg,0
502,20,female,fair,1,0,dorsal right,Hand_0008796.jpg,0
502,20,female,fair,1,0,dorsal right,Hand_0008798.jpg,0
502,20,female,fair,1,0,dorsal right,Hand_0008801.jpg,0
502,20,female,fair,0,0,dorsal left,Hand_0008835.jpg,0
502,20,female,fair,0,0,dorsal left,Hand_0008826.jpg,0
502,20,female,fair,1,0,dorsal right,Hand_0008799.jpg,0
502,20,female,fair,0,0,dorsal left,Hand_0008832.jpg,0
502,20,female,fair,1,0,dorsal right,Hand_0008795.jpg,0
502,20,female,fair,0,0,dorsal left,Hand_0008829.jpg,0
518,23,male,medium,0,0,dorsal left,Hand_0010463.jpg,0
518,23,male,medium,0,0,dorsal left,Hand_0010465.jpg,0
518,23,male,medium,0,0,dorsal right,Hand_0010436.jpg,0
518,23,male,medium,0,0,dorsal right,Hand_0010439.jpg,0
518,23,male,medium,0,0,dorsal right,Hand_0010443.jpg,0
518,23,male,medium,0,0,dorsal left,Hand_0010462.jpg,0
518,23,male,medium,0,0,dorsal right,Hand_0010435.jpg,0
518,23,male,medium,0,0,dorsal right,Hand_0010438.jpg,0
518,23,male,medium,0,0,dorsal right,Hand_0010440.jpg,0
529,22,female,fair,1,0,dorsal right,Hand_0000932.jpg,0
529,22,female,fair,0,0,dorsal left,Hand_0000941.jpg,0
529,22,female,fair,0,0,dorsal left,Hand_0000950.jpg,0
529,22,female,fair,0,0,dorsal left,Hand_0000953.jpg,0
529,22,female,fair,0,0,dorsal left,Hand_0000958.jpg,0
529,22,female,fair,0,0,dorsal left,Hand_0000954.jpg,0
529,22,female,fair,1,0,dorsal right,Hand_0000929.jpg,0
529,22,female,fair,1,0,dorsal right,Hand_0000928.jpg,0
529,22,female,fair,0,0,dorsal left,Hand_0000959.jpg,0
534,22,female,very fair,1,0,dorsal left,Hand_0007230.jpg,0
534,22,female,very fair,1,0,dorsal left,Hand_0007238.jpg,0
534,22,female,very fair,1,0,dorsal left,Hand_0007246.jpg,0
534,22,female,very fair,1,0,dorsal left,Hand_0007222.jpg,0
534,22,female,very fair,1,0,dorsal left,Hand_0007240.jpg,0
534,22,female,very fair,0,0,dorsal right,Hand_0007190.jpg,0
534,22,female,very fair,0,0,dorsal right,Hand_0007198.jpg,0
534,22,female,very fair,1,0,dorsal left,Hand_0007247.jpg,0
534,22,female,very fair,0,0,dorsal right,Hand_0007191.jpg,0
571,23,male,medium,0,0,dorsal left,Hand_0010519.jpg,0
571,23,male,medium,0,0,dorsal right,Hand_0010493.jpg,0
571,23,male,medium,0,0,dorsal right,Hand_0010486.jpg,0
571,23,male,medium,0,0,dorsal left,Hand_0010518.jpg,0
571,23,male,medium,0,0,dorsal right,Hand_0010492.jpg,0
571,23,male,medium,0,0,dorsal left,Hand_0010514.jpg,0
571,23,male,medium,0,0,dorsal right,Hand_0010495.jpg,0
571,23,male,medium,0,0,dorsal left,Hand_0010512.jpg,0
571,23,male,medium,0,0,dorsal left,Hand_0010513.jpg,0
573,21,female,fair,0,0,dorsal left,Hand_0008041.jpg,0
573,21,female,fair,0,0,dorsal right,Hand_0008015.jpg,0
573,21,female,fair,0,0,dorsal right,Hand_0008012.jpg,0
573,21,female,fair,0,0,dorsal left,Hand_0008037.jpg,0
573,21,female,fair,0,0,dorsal right,Hand_0008008.jpg,0
573,21,female,fair,0,0,dorsal left,Hand_0008043.jpg,0
573,21,female,fair,0,0,dorsal right,Hand_0008009.jpg,0
573,21,female,fair,0,0,dorsal left,Hand_0008040.jpg,0
573,21,female,fair,0,0,dorsal left,Hand_0008038.jpg,0
576,21,female,medium,0,0,dorsal left,Hand_0005518.jpg,0
576,21,female,medium,0,0,dorsal left,Hand_0005520.jpg,0
576,21,female,medium,0,0,dorsal left,Hand_0005517.jpg,0
576,21,female,medium,0,0,dorsal right,Hand_0005488.jpg,0
576,21,female,medium,0,0,dorsal left,Hand_0005524.jpg,0
576,21,female,medium,0,0,dorsal left,Hand_0005513.jpg,0
576,21,female,medium,0,0,dorsal left,Hand_0005514.jpg,0
576,21,female,medium,0,0,dorsal right,Hand_0005489.jpg,0
576,21,female,medium,0,0,dorsal right,Hand_0005487.jpg,0
581,21,female,fair,0,0,dorsal left,Hand_0008671.jpg,0
581,21,female,fair,0,0,dorsal left,Hand_0008667.jpg,0
581,21,female,fair,0,0,dorsal left,Hand_0008668.jpg,0
581,21,female,fair,0,0,dorsal left,Hand_0008665.jpg,0
581,21,female,fair,1,0,dorsal right,Hand_0008631.jpg,0
581,21,female,fair,1,0,dorsal right,Hand_0008634.jpg,0
581,21,female,fair,0,0,dorsal left,Hand_0008672.jpg,0
581,21,female,fair,1,0,dorsal right,Hand_0008636.jpg,0
581,21,female,fair,0,0,dorsal left,Hand_0008666.jpg,0
595,21,female,medium,1,1,dorsal right,Hand_0011396.jpg,0
595,21,female,medium,0,1,dorsal left,Hand_0011429.jpg,0
595,21,female,medium,1,1,dorsal right,Hand_0011393.jpg,0
595,21,female,medium,1,1,dorsal right,Hand_0011394.jpg,0
595,21,female,medium,0,1,dorsal left,Hand_0011424.jpg,0
595,21,female,medium,1,1,dorsal right,Hand_0011398.jpg,0
595,21,female,medium,0,1,dorsal left,Hand_0011421.jpg,0
595,21,female,medium,1,1,dorsal right,Hand_0011407.jpg,0
595,21,female,medium,1,1,dorsal right,Hand_0011404.jpg,0
1002,54,male,medium,0,0,dorsal left,Hand_0003116.jpg,0
1002,54,male,medium,0,0,dorsal left,Hand_0003127.jpg,0
1002,54,male,medium,0,0,dorsal left,Hand_0003118.jpg,0
1002,54,male,medium,0,0,dorsal left,Hand_0003117.jpg,0
1002,54,male,medium,0,0,dorsal right,Hand_0003095.jpg,0
1002,54,male,medium,0,0,dorsal left,Hand_0003124.jpg,0
1002,54,male,medium,0,0,dorsal left,Hand_0003123.jpg,0
1002,54,male,medium,0,0,dorsal left,Hand_0003125.jpg,0
1002,54,male,medium,0,0,dorsal left,Hand_0003121.jpg,0
1005,23,male,medium,0,0,dorsal right,Hand_0011292.jpg,0
1005,23,male,medium,0,0,dorsal right,Hand_0011297.jpg,0
1005,23,male,medium,0,0,dorsal right,Hand_0011280.jpg,0
1005,23,male,medium,0,0,dorsal left,Hand_0011315.jpg,0
1005,23,male,medium,0,0,dorsal right,Hand_0011283.jpg,0
1005,23,male,medium,0,0,dorsal right,Hand_0011285.jpg,0
1005,23,male,medium,0,0,dorsal right,Hand_0011289.jpg,0
1005,23,male,medium,0,0,dorsal left,Hand_0011321.jpg,0
1005,23,male,medium,0,0,dorsal left,Hand_0011314.jpg,0
1014,22,female,medium,0,0,dorsal left,Hand_0008300.jpg,0
1014,22,female,medium,0,0,dorsal left,Hand_0008292.jpg,0
1014,22,female,medium,0,0,dorsal right,Hand_0008313.jpg,0
1014,22,female,medium,0,0,dorsal right,Hand_0008319.jpg,0
1014,22,female,medium,0,0,dorsal left,Hand_0008303.jpg,0
1014,22,female,medium,0,0,dorsal left,Hand_0008299.jpg,0
1014,22,female,medium,0,0,dorsal left,Hand_0008291.jpg,0
1014,22,female,medium,0,0,dorsal right,Hand_0008320.jpg,0
1014,22,female,medium,0,0,dorsal left,Hand_0008293.jpg,0
1020,20,female,medium,1,0,dorsal left,Hand_0002410.jpg,0
1020,20,female,medium,0,0,dorsal right,Hand_0002312.jpg,0
1020,20,female,medium,1,0,dorsal left,Hand_0002374.jpg,0
1020,20,female,medium,1,0,dorsal left,Hand_0002368.jpg,0
1020,20,female,medium,1,0,dorsal left,Hand_0002421.jpg,0
1020,20,female,medium,0,0,dorsal right,Hand_0002322.jpg,0
1020,20,female,medium,1,0,dorsal left,Hand_0002380.jpg,0
1020,20,female,medium,1,0,dorsal left,Hand_0002370.jpg,0
1020,20,female,medium,0,0,dorsal right,Hand_0002330.jpg,0
1024,22,male,medium,0,0,dorsal right,Hand_0002728.jpg,0
1024,22,male,medium,0,0,dorsal left,Hand_0002785.jpg,0
1024,22,male,medium,0,0,dorsal right,Hand_0002721.jpg,0
1024,22,male,medium,0,0,dorsal right,Hand_0008187.jpg,0
1024,22,male,medium,0,0,dorsal right,Hand_0008170.jpg,0
1024,22,male,medium,0,0,dorsal right,Hand_0002733.jpg,0
1024,22,male,medium,0,0,dorsal left,Hand_0008214.jpg,0
1024,22,male,medium,0,0,dorsal right,Hand_0008189.jpg,0
1024,22,male,medium,0,0,dorsal left,Hand_0002786.jpg,0
1042,21,female,medium,1,1,dorsal right,Hand_0005367.jpg,0
1042,21,female,medium,0,1,dorsal left,Hand_0005393.jpg,0
1042,21,female,medium,0,1,dorsal left,Hand_0005403.jpg,0
1042,21,female,medium,0,1,dorsal left,Hand_0005397.jpg,0
1042,21,female,medium,0,1,dorsal left,Hand_0005400.jpg,0
1042,21,female,medium,0,1,dorsal left,Hand_0005396.jpg,0
1042,21,female,medium,0,1,dorsal left,Hand_0005409.jpg,0
1042,21,female,medium,1,1,dorsal right,Hand_0005365.jpg,0
1042,21,female,medium,0,1,dorsal left,Hand_0005406.jpg,0
1043,21,male,fair,0,0,dorsal right,Hand_0009142.jpg,0
1043,21,male,fair,0,0,dorsal right,Hand_0009138.jpg,0
1043,21,male,fair,0,0,dorsal left,Hand_0009164.jpg,0
1043,21,male,fair,0,0,dorsal left,Hand_0009162.jpg,0
1043,21,male,fair,0,0,dorsal right,Hand_0009147.jpg,0
1043,21,male,fair,0,0,dorsal left,Hand_0009172.jpg,0
1043,21,male,fair,0,0,dorsal right,Hand_0009144.jpg,0
1043,21,male,fair,0,0,dorsal left,Hand_0009171.jpg,0
1043,21,male,fair,0,0,dorsal right,Hand_0009139.jpg,0
1058,22,female,medium,1,1,dorsal left,Hand_0006477.jpg,0
1058,22,female,medium,0,1,dorsal right,Hand_0006513.jpg,0
1058,22,female,medium,0,1,dorsal right,Hand_0006517.jpg,0
1058,22,female,medium,1,1,dorsal left,Hand_0006479.jpg,0
1058,22,female,medium,0,1,dorsal right,Hand_0006510.jpg,0
1058,22,female,medium,1,1,dorsal left,Hand_0006480.jpg,0
1058,22,female,medium,0,1,dorsal right,Hand_0006506.jpg,0
1058,22,female,medium,1,1,dorsal left,Hand_0006483.jpg,0
1058,22,female,medium,1,1,dorsal left,Hand_0006485.jpg,0
1060,23,male,medium,0,0,dorsal left,Hand_0011020.jpg,0
1060,23,male,medium,0,0,dorsal right,Hand_0010966.jpg,0
1060,23,male,medium,0,0,dorsal right,Hand_0010960.jpg,0
1060,23,male,medium,0,0,dorsal right,Hand_0010974.jpg,0
1060,23,male,medium,0,0,dorsal right,Hand_0010965.jpg,0
1060,23,male,medium,0,0,dorsal left,Hand_0011013.jpg,0
1060,23,male,medium,0,0,dorsal right,Hand_0010970.jpg,0
1060,23,male,medium,0,0,dorsal left,Hand_0010997.jpg,0
1060,23,male,medium,0,0,dorsal left,Hand_0011002.jpg,0
1061,20,female,fair,1,1,dorsal left,Hand_0005452.jpg,0
1061,20,female,fair,1,1,dorsal right,Hand_0005431.jpg,0
1061,20,female,fair,1,1,dorsal left,Hand_0005455.jpg,0
1061,20,female,fair,1,1,dorsal left,Hand_0005465.jpg,0
1061,20,female,fair,1,1,dorsal right,Hand_0005438.jpg,0
1061,20,female,fair,1,1,dorsal left,Hand_0005456.jpg,0
1061,20,female,fair,1,1,dorsal right,Hand_0005435.jpg,0
1061,20,female,fair,1,1,dorsal right,Hand_0005430.jpg,0
1061,20,female,fair,1,1,dorsal right,Hand_0005440.jpg,0
1073,20,female,medium,0,0,dorsal left,Hand_0000420.jpg,0
1073,20,female,medium,0,0,dorsal right,Hand_0000430.jpg,0
1073,20,female,medium,0,0,dorsal right,Hand_0000427.jpg,0
1073,20,female,medium,1,0,dorsal left,Hand_0000400.jpg,0
1073,20,female,medium,0,0,dorsal right,Hand_0000431.jpg,0
1073,20,female,medium,0,0,dorsal right,Hand_0000432.jpg,0
1073,20,female,medium,1,0,dorsal left,Hand_0000407.jpg,0
1073,20,female,medium,1,0,dorsal left,Hand_0000401.jpg,0
1073,20,female,medium,0,0,dorsal left,Hand_0000419.jpg,0
1089,22,male,very fair,0,0,dorsal left,Hand_0010850.jpg,0
1089,22,male,very fair,0,0,dorsal right,Hand_0010820.jpg,0
1089,22,male,very fair,0,0,dorsal right,Hand_0010828.jpg,0
1089,22,male,very fair,0,0,dorsal right,Hand_0010826.jpg,0
1089,22,male,very fair,0,0,dorsal right,Hand_0010824.jpg,0
1089,22,male,very fair,0,0,dorsal left,Hand_0010840.jpg,0
1089,22,male,very fair,0,0,dorsal left,Hand_0010847.jpg,0
1089,22,male,very fair,0,0,dorsal right,Hand_0010822.jpg,0
1089,22,male,very fair,0,0,dorsal left,Hand_0010845.jpg,0
1090,22,male,fair,1,0,dorsal left,Hand_0010755.jpg,0
1090,22,male,fair,1,0,dorsal right,Hand_0010715.jpg,0
1090,22,male,fair,1,0,dorsal right,Hand_0010713.jpg,0
1090,22,male,fair,1,0,dorsal right,Hand_0010720.jpg,0
1090,22,male,fair,0,0,dorsal right,Hand_0010783.jpg,0
1090,22,male,fair,1,0,dorsal left,Hand_0010752.jpg,0
1090,22,male,fair,0,0,dorsal left,Hand_0010805.jpg,0
1090,22,male,fair,1,0,dorsal right,Hand_0010706.jpg,0
1090,22,male,fair,1,0,dorsal right,Hand_0010710.jpg,0
1504,20,male,medium,0,0,dorsal left,Hand_0007454.jpg,0
1504,20,male,medium,0,0,dorsal left,Hand_0007453.jpg,0
1504,20,male,medium,0,0,dorsal right,Hand_0007488.jpg,0
1504,20,male,medium,0,0,dorsal left,Hand_0007451.jpg,0
1504,20,male,medium,0,0,dorsal right,Hand_0007484.jpg,0
1504,20,male,medium,0,0,dorsal right,Hand_0007489.jpg,0
1504,20,male,medium,0,0,dorsal left,Hand_0007461.jpg,0
1504,20,male,medium,0,0,dorsal left,Hand_0007456.jpg,0
1504,20,male,medium,0,0,dorsal right,Hand_0007493.jpg,0
1505,21,female,medium,1,0,dorsal left,Hand_0002962.jpg,0
1505,21,female,medium,1,0,dorsal left,Hand_0002961.jpg,0
1505,21,female,medium,1,0,dorsal left,Hand_0002960.jpg,0
1505,21,female,medium,1,0,dorsal right,Hand_0002979.jpg,0
1505,21,female,medium,1,0,dorsal right,Hand_0002980.jpg,0
1505,21,female,medium,1,0,dorsal left,Hand_0002958.jpg,0
1505,21,female,medium,1,0,dorsal right,Hand_0002978.jpg,0
1505,21,female,medium,1,0,dorsal left,Hand_0002965.jpg,0
1505,21,female,medium,1,0,dorsal right,Hand_0002975.jpg,0
1506,21,female,fair,1,0,dorsal right,Hand_0001528.jpg,0
1506,21,female,fair,1,0,dorsal right,Hand_0001527.jpg,0
1506,21,female,fair,1,0,dorsal right,Hand_0001525.jpg,0
1506,21,female,fair,0,0,dorsal left,Hand_0001550.jpg,0
1506,21,female,fair,1,0,dorsal right,Hand_0001514.jpg,0
1506,21,female,fair,1,0,dorsal right,Hand_0001516.jpg,0
1506,21,female,fair,1,0,dorsal right,Hand_0001512.jpg,0
1506,21,female,fair,1,0,dorsal right,Hand_0001535.jpg,0
1506,21,female,fair,1,0,dorsal right,Hand_0001531.jpg,0
1516,20,male,fair,0,0,dorsal left,Hand_0007774.jpg,0
1516,20,male,fair,0,0,dorsal right,Hand_0007732.jpg,0
1516,20,male,fair,0,0,dorsal left,Hand_0007768.jpg,0
1516,20,male,fair,0,0,dorsal right,Hand_0007724.jpg,0
1516,20,male,fair,0,0,dorsal left,Hand_0007777.jpg,0
1516,20,male,fair,0,0,dorsal left,Hand_0007772.jpg,0
1516,20,male,fair,0,0,dorsal left,Hand_0007764.jpg,0
1516,20,male,fair,0,0,dorsal left,Hand_0007769.jpg,0
1516,20,male,fair,0,0,dorsal left,Hand_0007778.jpg,0
1525,23,female,fair,0,0,dorsal left,Hand_0010228.jpg,0
1525,23,female,fair,0,0,dorsal right,Hand_0010204.jpg,0
1525,23,female,fair,0,0,dorsal right,Hand_0010206.jpg,0
1525,23,female,fair,0,0,dorsal right,Hand_0010203.jpg,0
1525,23,female,fair,0,0,dorsal left,Hand_0010233.jpg,0
1525,23,female,fair,0,0,dorsal right,Hand_0010197.jpg,0
1525,23,female,fair,0,0,dorsal left,Hand_0010231.jpg,0
1525,23,female,fair,0,0,dorsal left,Hand_0010234.jpg,0
1525,23,female,fair,0,0,dorsal left,Hand_0010236.jpg,0
1536,22,male,medium,0,0,dorsal right,Hand_0011228.jpg,0
1536,22,male,medium,0,0,dorsal right,Hand_0011225.jpg,0
1536,22,male,medium,0,0,dorsal left,Hand_0011258.jpg,0
1536,22,male,medium,0,0,dorsal right,Hand_0011234.jpg,0
1536,22,male,medium,0,0,dorsal left,Hand_0011254.jpg,0
1536,22,male,medium,0,0,dorsal right,Hand_0011226.jpg,0
1536,22,male,medium,0,0,dorsal right,Hand_0011233.jpg,0
1536,22,male,medium,0,0,dorsal left,Hand_0011253.jpg,0
1536,22,male,medium,0,0,dorsal right,Hand_0011235.jpg,0
1545,22,female,medium,1,1,dorsal right,Hand_0002212.jpg,0
1545,22,female,medium,1,1,dorsal left,Hand_0002262.jpg,0
1545,22,female,medium,1,1,dorsal left,Hand_0002255.jpg,0
1545,22,female,medium,1,1,dorsal right,Hand_0002224.jpg,0
1545,22,female,medium,1,1,dorsal right,Hand_0002210.jpg,0
1545,22,female,medium,1,1,dorsal left,Hand_0002258.jpg,0
1545,22,female,medium,1,1,dorsal right,Hand_0002208.jpg,0
1545,22,female,medium,1,1,dorsal right,Hand_0002226.jpg,0
1545,22,female,medium,1,1,dorsal left,Hand_0002277.jpg,0
1550,24,male,medium,0,0,dorsal right,Hand_0010873.jpg,0
1550,24,male,medium,0,0,dorsal right,Hand_0010864.jpg,0
1550,24,male,medium,0,0,dorsal left,Hand_0010904.jpg,0
1550,24,male,medium,0,0,dorsal left,Hand_0010903.jpg,0
1550,24,male,medium,0,0,dorsal left,Hand_0010900.jpg,0
1550,24,male,medium,0,0,dorsal right,Hand_0010867.jpg,0
1550,24,male,medium,0,0,dorsal right,Hand_0010869.jpg,0
1550,24,male,medium,0,0,dorsal left,Hand_0010899.jpg,0
1550,24,male,medium,0,0,dorsal right,Hand_0010866.jpg,0
1553,23,female,fair,1,1,dorsal left,Hand_0006415.jpg,0
1553,23,female,fair,1,1,dorsal left,Hand_0006425.jpg,0
1553,23,female,fair,1,1,dorsal left,Hand_0006433.jpg,0
1553,23,female,fair,1,1,dorsal left,Hand_0006410.jpg,0
1553,23,female,fair,1,1,dorsal left,Hand_0006436.jpg,0
1553,23,female,fair,1,1,dorsal left,Hand_0006418.jpg,0
1553,23,female,fair,1,1,dorsal left,Hand_0006429.jpg,0
1553,23,female,fair,1,1,dorsal left,Hand_0006438.jpg,0
1553,23,female,fair,1,1,dorsal right,Hand_0006462.jpg,0
1555,25,male,medium,0,0,dorsal left,Hand_0002075.jpg,0
1555,25,male,medium,0,0,dorsal left,Hand_0002068.jpg,0
1555,25,male,medium,0,0,dorsal left,Hand_0002076.jpg,0
1555,25,male,medium,0,0,dorsal left,Hand_0002057.jpg,0
1555,25,male,medium,0,0,dorsal left,Hand_0002072.jpg,0
1555,25,male,medium,0,0,dorsal right,Hand_0002044.jpg,0
1555,25,male,medium,0,0,dorsal left,Hand_0002069.jpg,0
1555,25,male,medium,0,0,dorsal left,Hand_0002062.jpg,0
1555,25,male,medium,0,0,dorsal left,Hand_0002066.jpg,0
1556,22,female,medium,1,0,dorsal left,Hand_0006690.jpg,0
1556,22,female,medium,1,0,dorsal left,Hand_0006675.jpg,0
1556,22,female,medium,1,0,dorsal right,Hand_0006645.jpg,0
1556,22,female,medium,1,0,dorsal right,Hand_0006637.jpg,0
1556,22,female,medium,1,0,dorsal left,Hand_0006691.jpg,0
1556,22,female,medium,1,0,dorsal left,Hand_0006672.jpg,0
1556,22,female,medium,1,0,dorsal right,Hand_0006634.jpg,0
1556,22,female,medium,1,0,dorsal right,Hand_0006631.jpg,0
1556,22,female,medium,1,0,dorsal right,Hand_0006636.jpg,0
1562,23,female,fair,1,0,dorsal right,Hand_0007314.jpg,0
1562,23,female,fair,1,0,dorsal right,Hand_0007294.jpg,0
1562,23,female,fair,0,0,dorsal left,Hand_0007276.jpg,0
1562,23,female,fair,0,0,dorsal left,Hand_0007264.jpg,0
1562,23,female,fair,1,0,dorsal right,Hand_0007309.jpg,0
1562,23,female,fair,1,0,dorsal right,Hand_0007302.jpg,0
1562,23,female,fair,0,0,dorsal left,Hand_0007263.jpg,0
1562,23,female,fair,1,0,dorsal right,Hand_0007305.jpg,0
1562,23,female,fair,1,0,dorsal right,Hand_0007307.jpg,0
1569,21,female,medium,1,0,dorsal left,Hand_0003650.jpg,0
1569,21,female,medium,1,0,dorsal left,Hand_0003672.jpg,0
1569,21,female,medium,1,0,dorsal left,Hand_0003675.jpg,0
1569,21,female,medium,0,0,dorsal right,Hand_0003694.jpg,0
1569,21,female,medium,0,0,dorsal right,Hand_0003695.jpg,0
1569,21,female,medium,1,0,dorsal left,Hand_0003677.jpg,0
1569,21,female,medium,1,0,dorsal left,Hand_0003649.jpg,0
1569,21,female,medium,0,0,dorsal right,Hand_0003699.jpg,0
1569,21,female,medium,1,0,dorsal left,Hand_0003652.jpg,0
1594,23,male,medium,0,0,dorsal right,Hand_0010395.jpg,0
1594,23,male,medium,0,0,dorsal right,Hand_0010401.jpg,0
1594,23,male,medium,0,0,dorsal left,Hand_0010422.jpg,0
1594,23,male,medium,0,0,dorsal left,Hand_0010416.jpg,0
1594,23,male,medium,0,0,dorsal right,Hand_0010397.jpg,0
1594,23,male,medium,0,0,dorsal left,Hand_0010417.jpg,0
1594,23,male,medium,0,0,dorsal right,Hand_0010402.jpg,0
1594,23,male,medium,0,0,dorsal left,Hand_0010415.jpg,0
1594,23,male,medium,0,0,dorsal right,Hand_0010403.jpg,0
1000000,70,male,dark,0,0,dorsal right,Hand_0009326.jpg,1
1000000,70,male,dark,0,0,dorsal left,Hand_0009384.jpg,0
1000000,70,male,dark,0,0,dorsal left,Hand_0009383.jpg,0
1000000,70,male,dark,0,0,dorsal left,Hand_0009353.jpg,0
1000000,70,male,dark,0,0,dorsal left,Hand_0009355.jpg,0
1000000,70,male,dark,0,0,dorsal right,Hand_0009331.jpg,1
1000000,70,male,dark,0,0,dorsal right,Hand_0009314.jpg,1
1000000,70,male,dark,0,0,dorsal left,Hand_0009358.jpg,0
1000000,70,male,dark,0,0,dorsal left,Hand_0009387.jpg,0
3000000,19,female,very fair,1,0,dorsal left,Hand_0009515.jpg,0
3000000,19,female,very fair,1,0,dorsal left,Hand_0009526.jpg,0
3000000,19,female,very fair,0,0,dorsal right,Hand_0009500.jpg,0
3000000,19,female,very fair,1,0,dorsal left,Hand_0009522.jpg,0
3000000,19,female,very fair,1,0,dorsal left,Hand_0009530.jpg,0
3000000,19,female,very fair,0,0,dorsal right,Hand_0009493.jpg,0
3000000,19,female,very fair,1,0,dorsal left,Hand_0009525.jpg,0
3000000,19,female,very fair,1,0,dorsal left,Hand_0009513.jpg,0
3000000,19,female,very fair,1,0,dorsal left,Hand_0009510.jpg,0
6000000,21,female,fair,1,0,dorsal right,Hand_0009633.jpg,0
6000000,21,female,fair,0,0,dorsal left,Hand_0009654.jpg,0
6000000,21,female,fair,1,0,dorsal right,Hand_0009640.jpg,0
6000000,21,female,fair,1,0,dorsal right,Hand_0009632.jpg,0
6000000,21,female,fair,1,0,dorsal right,Hand_0009639.jpg,0
6000000,21,female,fair,1,0,dorsal right,Hand_0009635.jpg,0
6000000,21,female,fair,1,0,dorsal right,Hand_0009638.jpg,0
6000000,21,female,fair,0,0,dorsal left,Hand_0009653.jpg,0
6000000,21,female,fair,0,0,dorsal left,Hand_0009659.jpg,0
7000000,24,male,fair,0,0,dorsal left,Hand_0009685.jpg,0
7000000,24,male,fair,1,0,dorsal right,Hand_0009696.jpg,0
7000000,24,male,fair,1,0,dorsal right,Hand_0009694.jpg,0
7000000,24,male,fair,1,0,dorsal right,Hand_0009697.jpg,0
7000000,24,male,fair,0,0,dorsal left,Hand_0009682.jpg,0
7000000,24,male,fair,1,0,dorsal right,Hand_0009698.jpg,0
7000000,24,male,fair,0,0,dorsal left,Hand_0009684.jpg,0
7000000,24,male,fair,1,0,dorsal right,Hand_0009690.jpg,0
7000000,24,male,fair,0,0,dorsal left,Hand_0009681.jpg,0
9000000,23,male,medium,0,0,dorsal left,Hand_0009804.jpg,0
9000000,23,male,medium,0,0,dorsal left,Hand_0009801.jpg,0
9000000,23,male,medium,0,0,dorsal right,Hand_0009775.jpg,0
9000000,23,male,medium,0,0,dorsal left,Hand_0009805.jpg,0
9000000,23,male,medium,0,0,dorsal right,Hand_0009770.jpg,0
9000000,23,male,medium,0,0,dorsal right,Hand_0009780.jpg,0
9000000,23,male,medium,0,0,dorsal right,Hand_0009777.jpg,0
9000000,23,male,medium,0,0,dorsal left,Hand_0009800.jpg,0
9000000,23,male,medium,0,0,dorsal right,Hand_0009768.jpg,0
